"model","location_name","wis","rel_wis","mae","below","Percent.Cov.50","Percent.Cov.95"
"CEPH-Rtrend_fluH","Alabama",28.08,1.12,40.72,1,0.410714285714286,0.803571428571429
"CEPH-Rtrend_fluH","Alaska",13.17,1.27,18.74,0,0.517857142857143,0.8125
"CEPH-Rtrend_fluH","Arizona",93.69,0.9,124.12,1,0.357142857142857,0.6875
"CEPH-Rtrend_fluH","Arkansas",45.81,0.99,60.11,1,0.482142857142857,0.732142857142857
"CEPH-Rtrend_fluH","California",341.87,1.02,392.31,1,0.401785714285714,0.607142857142857
"CEPH-Rtrend_fluH","Colorado",19.19,0.49,28.3,1,0.526785714285714,0.857142857142857
"CEPH-Rtrend_fluH","Connecticut",50.45,0.83,64.41,1,0.491071428571429,0.830357142857143
"CEPH-Rtrend_fluH","Delaware",19.72,2.43,26.65,0,0.544642857142857,0.785714285714286
"CEPH-Rtrend_fluH","District of Columbia",11.86,2.01,17.13,0,0.473214285714286,0.875
"CEPH-Rtrend_fluH","Florida",142.82,1.26,187.03,0,0.348214285714286,0.616071428571429
"CEPH-Rtrend_fluH","Georgia",27.53,1.48,38.29,0,0.383928571428571,0.741071428571429
"CEPH-Rtrend_fluH","Hawaii",7.03,1.7,10.29,0,0.517857142857143,0.9375
"CEPH-Rtrend_fluH","Idaho",39.8,1.06,51.38,0,0.392857142857143,0.75
"CEPH-Rtrend_fluH","Illinois",99.03,0.76,125.67,1,0.366071428571429,0.6875
"CEPH-Rtrend_fluH","Indiana",89.93,0.82,110.39,1,0.455357142857143,0.75
"CEPH-Rtrend_fluH","Iowa",28.67,0.58,41.16,1,0.455357142857143,0.732142857142857
"CEPH-Rtrend_fluH","Kansas",25.69,0.75,35.15,1,0.446428571428571,0.821428571428571
"CEPH-Rtrend_fluH","Kentucky",76.58,0.83,94.96,1,0.482142857142857,0.794642857142857
"CEPH-Rtrend_fluH","Louisiana",28.42,1.1,40.62,1,0.375,0.714285714285714
"CEPH-Rtrend_fluH","Maine",23.79,0.84,33.67,1,0.375,0.794642857142857
"CEPH-Rtrend_fluH","Maryland",24.4,0.71,36.6,1,0.491071428571429,0.803571428571429
"CEPH-Rtrend_fluH","Massachusetts",57.13,0.51,76.99,1,0.535714285714286,0.776785714285714
"CEPH-Rtrend_fluH","Michigan",69.62,0.44,103.72,1,0.419642857142857,0.794642857142857
"CEPH-Rtrend_fluH","Minnesota",54.98,1.24,69.99,0,0.473214285714286,0.830357142857143
"CEPH-Rtrend_fluH","Mississippi",20.85,0.94,30.92,1,0.357142857142857,0.794642857142857
"CEPH-Rtrend_fluH","Missouri",104.48,0.86,131.62,1,0.339285714285714,0.714285714285714
"CEPH-Rtrend_fluH","Montana",18.41,1.3,26.2,0,0.419642857142857,0.8125
"CEPH-Rtrend_fluH","Nebraska",11.47,0.57,16.92,1,0.544642857142857,0.9375
"CEPH-Rtrend_fluH","Nevada",43.05,0.91,56.37,1,0.401785714285714,0.785714285714286
"CEPH-Rtrend_fluH","New Hampshire",18.51,0.95,26.15,0,0.455357142857143,0.794642857142857
"CEPH-Rtrend_fluH","New Jersey",78.66,0.82,103.97,1,0.339285714285714,0.758928571428571
"CEPH-Rtrend_fluH","New Mexico",29.2,0.7,41.36,1,0.419642857142857,0.785714285714286
"CEPH-Rtrend_fluH","New York",101.33,0.46,134.76,1,0.375,0.660714285714286
"CEPH-Rtrend_fluH","North Carolina",43.86,0.87,58.83,1,0.473214285714286,0.821428571428571
"CEPH-Rtrend_fluH","North Dakota",11.48,1,16.62,0,0.491071428571429,0.875
"CEPH-Rtrend_fluH","Ohio",61.61,0.49,78.87,1,0.544642857142857,0.794642857142857
"CEPH-Rtrend_fluH","Oklahoma",110.01,0.96,135.07,1,0.473214285714286,0.696428571428571
"CEPH-Rtrend_fluH","Oregon",75.82,0.85,94.21,1,0.419642857142857,0.839285714285714
"CEPH-Rtrend_fluH","Pennsylvania",138.71,0.91,176,1,0.321428571428571,0.580357142857143
"CEPH-Rtrend_fluH","Puerto Rico",17.28,1.53,25.56,0,0.419642857142857,0.857142857142857
"CEPH-Rtrend_fluH","Rhode Island",7.9,0.9,11.62,1,0.5,0.875
"CEPH-Rtrend_fluH","South Carolina",21.15,1.13,30.09,1,0.5625,0.8125
"CEPH-Rtrend_fluH","South Dakota",11.86,1.02,18.66,0,0.508928571428571,0.883928571428571
"CEPH-Rtrend_fluH","Tennessee",50.05,0.82,65.44,1,0.375,0.75
"CEPH-Rtrend_fluH","Texas",192.78,0.94,246.23,1,0.276785714285714,0.580357142857143
"CEPH-Rtrend_fluH","Utah",11.97,1.22,17.79,0,0.401785714285714,0.848214285714286
"CEPH-Rtrend_fluH","Vermont",9.46,0.87,14.05,1,0.535714285714286,0.866071428571429
"CEPH-Rtrend_fluH","Virginia",31.68,0.84,44.87,1,0.464285714285714,0.803571428571429
"CEPH-Rtrend_fluH","Washington",89.23,1.01,112.42,1,0.419642857142857,0.741071428571429
"CEPH-Rtrend_fluH","West Virginia",24.83,0.69,33.88,1,0.508928571428571,0.803571428571429
"CEPH-Rtrend_fluH","Wisconsin",51.83,0.73,70.74,1,0.410714285714286,0.839285714285714
"CEPH-Rtrend_fluH","Wyoming",11.74,1.54,16.85,0,0.491071428571429,0.892857142857143
"CMU-TimeSeries","Alabama",40.33,1.17,62.73,0,0.483333333333333,0.933333333333333
"CMU-TimeSeries","Alaska",8.48,0.78,11.96,1,0.383333333333333,0.725
"CMU-TimeSeries","Arizona",67.71,0.7,100.58,1,0.35,0.883333333333333
"CMU-TimeSeries","Arkansas",35.58,0.67,52.48,1,0.425,0.833333333333333
"CMU-TimeSeries","California",239.63,0.68,344.89,1,0.5,0.870689655172414
"CMU-TimeSeries","Colorado",24.78,0.64,37.16,1,0.483870967741935,0.895161290322581
"CMU-TimeSeries","Connecticut",35.81,0.64,54.98,1,0.408333333333333,0.816666666666667
"CMU-TimeSeries","Delaware",8.48,0.99,12.54,1,0.475806451612903,0.814516129032258
"CMU-TimeSeries","District of Columbia",8.03,0.97,12.15,0,0.446428571428571,0.821428571428571
"CMU-TimeSeries","Florida",82.75,0.7,128.79,1,0.591666666666667,0.975
"CMU-TimeSeries","Georgia",31.59,1.6,43.74,0,0.625,0.982142857142857
"CMU-TimeSeries","Hawaii",4.53,1.17,6.38,0,0.5625,0.919642857142857
"CMU-TimeSeries","Idaho",23.46,0.63,33.17,1,0.342592592592593,0.768518518518518
"CMU-TimeSeries","Illinois",85.68,0.63,124.81,1,0.443548387096774,0.846774193548387
"CMU-TimeSeries","Indiana",63.65,0.57,97.16,1,0.5,0.901785714285714
"CMU-TimeSeries","Iowa",26.86,0.58,37.7,1,0.483333333333333,0.833333333333333
"CMU-TimeSeries","Kansas",22.83,0.64,33.04,1,0.45,0.85
"CMU-TimeSeries","Kentucky",60.72,0.58,91.43,1,0.422413793103448,0.870689655172414
"CMU-TimeSeries","Louisiana",27.09,0.98,43.79,1,0.491379310344828,0.948275862068966
"CMU-TimeSeries","Maine",14.93,0.61,20.89,1,0.425925925925926,0.814814814814815
"CMU-TimeSeries","Maryland",26.61,0.75,38.09,1,0.594827586206897,0.922413793103448
"CMU-TimeSeries","Massachusetts",60.3,0.57,87.25,1,0.541666666666667,0.816666666666667
"CMU-TimeSeries","Michigan",77.63,0.51,123.3,1,0.508928571428571,0.919642857142857
"CMU-TimeSeries","Minnesota",31.52,0.78,42.89,1,0.482758620689655,0.836206896551724
"CMU-TimeSeries","Mississippi",25.44,1.06,39.96,1,0.4375,0.901785714285714
"CMU-TimeSeries","Missouri",78.48,0.66,110.36,1,0.451612903225806,0.766129032258065
"CMU-TimeSeries","Montana",9.36,0.67,13.23,1,0.491666666666667,0.8
"CMU-TimeSeries","Nebraska",10.02,0.5,15.67,1,0.45,0.975
"CMU-TimeSeries","Nevada",34.86,0.69,50.32,1,0.362068965517241,0.810344827586207
"CMU-TimeSeries","New Hampshire",9.49,0.59,14.44,1,0.448275862068966,0.887931034482759
"CMU-TimeSeries","New Jersey",66.92,0.65,98.55,1,0.483870967741935,0.887096774193548
"CMU-TimeSeries","New Mexico",25.8,0.55,40.25,1,0.464285714285714,0.901785714285714
"CMU-TimeSeries","New York",130.97,0.58,206.97,1,0.524193548387097,0.862903225806452
"CMU-TimeSeries","North Carolina",62.82,1.07,91.31,0,0.482758620689655,0.862068965517241
"CMU-TimeSeries","North Dakota",7.95,0.67,11.29,1,0.375,0.75
"CMU-TimeSeries","Ohio",69.25,0.53,104.47,1,0.612068965517241,0.870689655172414
"CMU-TimeSeries","Oklahoma",70.29,0.64,97.15,1,0.491666666666667,0.841666666666667
"CMU-TimeSeries","Oregon",56.63,0.6,78.04,1,0.5625,0.794642857142857
"CMU-TimeSeries","Pennsylvania",104.25,0.68,161.62,1,0.459677419354839,0.814516129032258
"CMU-TimeSeries","Puerto Rico",19.46,1.7,29.06,0,0.508333333333333,0.95
"CMU-TimeSeries","Rhode Island",5.4,0.62,8.4,1,0.517857142857143,0.9375
"CMU-TimeSeries","South Carolina",28.32,1.34,41.49,0,0.611111111111111,0.916666666666667
"CMU-TimeSeries","South Dakota",9.26,0.75,14.34,1,0.336206896551724,0.836206896551724
"CMU-TimeSeries","Tennessee",49.56,0.75,76.53,1,0.508620689655172,0.922413793103448
"CMU-TimeSeries","Texas",124.26,0.71,189.94,1,0.714285714285714,0.955357142857143
"CMU-TimeSeries","Utah",7.67,0.79,10.84,1,0.637096774193548,0.991935483870968
"CMU-TimeSeries","Vermont",7.51,0.72,10.65,1,0.53448275862069,0.793103448275862
"CMU-TimeSeries","Virginia",42.96,0.89,62.35,1,0.603448275862069,0.939655172413793
"CMU-TimeSeries","Washington",55.88,0.63,78.48,1,0.508333333333333,0.9
"CMU-TimeSeries","West Virginia",23.8,0.59,34.3,1,0.491071428571429,0.857142857142857
"CMU-TimeSeries","Wisconsin",45.73,0.68,65.27,1,0.491935483870968,0.806451612903226
"CMU-TimeSeries","Wyoming",6.58,0.77,9.12,1,0.53448275862069,0.836206896551724
"CU-ensemble","Alabama",43.62,1.09,57.12,0,0.471153846153846,0.740384615384615
"CU-ensemble","Alaska",10.31,0.88,14.01,1,0.490384615384615,0.701923076923077
"CU-ensemble","Arizona",102.26,0.88,126.28,1,0.5,0.711538461538462
"CU-ensemble","Arkansas",44.43,0.76,56.72,1,0.471153846153846,0.740384615384615
"CU-ensemble","California",312.22,0.71,354.65,1,0.519230769230769,0.692307692307692
"CU-ensemble","Colorado",34.27,0.89,48.69,1,0.538461538461538,0.730769230769231
"CU-ensemble","Connecticut",54.91,0.84,69.76,1,0.394230769230769,0.653846153846154
"CU-ensemble","Delaware",9.12,0.95,12.32,0,0.528846153846154,0.740384615384615
"CU-ensemble","District of Columbia",8.37,0.95,10.95,0,0.538461538461538,0.730769230769231
"CU-ensemble","Florida",93.34,0.75,125.37,1,0.519230769230769,0.730769230769231
"CU-ensemble","Georgia",22.7,0.96,34.2,0,0.461538461538462,0.846153846153846
"CU-ensemble","Hawaii",4.47,1.04,6.44,0,0.548076923076923,0.788461538461538
"CU-ensemble","Idaho",40.33,0.99,48,0,0.471153846153846,0.634615384615385
"CU-ensemble","Illinois",118.17,0.76,138.81,1,0.519230769230769,0.653846153846154
"CU-ensemble","Indiana",93.21,0.78,113.17,1,0.5,0.673076923076923
"CU-ensemble","Iowa",43.78,0.85,54.09,1,0.490384615384615,0.692307692307692
"CU-ensemble","Kansas",28.22,0.72,35.82,1,0.490384615384615,0.721153846153846
"CU-ensemble","Kentucky",114.33,0.98,131.57,0,0.471153846153846,0.615384615384615
"CU-ensemble","Louisiana",30.56,0.92,41.26,0,0.451923076923077,0.692307692307692
"CU-ensemble","Maine",24.83,0.86,29.46,1,0.519230769230769,0.634615384615385
"CU-ensemble","Maryland",47.41,0.98,56.93,0,0.490384615384615,0.682692307692308
"CU-ensemble","Massachusetts",85.19,0.77,101.01,1,0.557692307692308,0.721153846153846
"CU-ensemble","Michigan",190.37,1.15,215.2,0,0.461538461538462,0.576923076923077
"CU-ensemble","Minnesota",56.8,0.92,68.07,0,0.509615384615385,0.673076923076923
"CU-ensemble","Mississippi",24.73,0.79,35.62,1,0.461538461538462,0.759615384615385
"CU-ensemble","Missouri",104.69,0.78,122.57,1,0.423076923076923,0.644230769230769
"CU-ensemble","Montana",14.14,0.93,19.04,0,0.519230769230769,0.740384615384615
"CU-ensemble","Nebraska",20.25,0.96,26.67,0,0.596153846153846,0.692307692307692
"CU-ensemble","Nevada",47.68,0.86,62,1,0.538461538461538,0.682692307692308
"CU-ensemble","New Hampshire",20.33,1.07,26.68,0,0.509615384615385,0.663461538461538
"CU-ensemble","New Jersey",88.8,0.77,109.56,1,0.423076923076923,0.663461538461538
"CU-ensemble","New Mexico",40.76,0.83,50.59,1,0.432692307692308,0.653846153846154
"CU-ensemble","New York",222.91,0.9,253.31,1,0.528846153846154,0.586538461538462
"CU-ensemble","North Carolina",81.47,1.15,100.24,0,0.480769230769231,0.615384615384615
"CU-ensemble","North Dakota",10.55,0.88,14.65,1,0.509615384615385,0.740384615384615
"CU-ensemble","Ohio",117.22,0.83,138.36,1,0.519230769230769,0.634615384615385
"CU-ensemble","Oklahoma",88.66,0.73,103.89,1,0.528846153846154,0.692307692307692
"CU-ensemble","Oregon",75.91,0.77,86.72,1,0.528846153846154,0.644230769230769
"CU-ensemble","Pennsylvania",124.66,0.74,154.09,1,0.442307692307692,0.596153846153846
"CU-ensemble","Puerto Rico",12.21,1.08,18.79,0,0.557692307692308,0.980769230769231
"CU-ensemble","Rhode Island",7.52,0.9,9.89,1,0.576923076923077,0.721153846153846
"CU-ensemble","South Carolina",29.61,1.01,38.15,0,0.625,0.759615384615385
"CU-ensemble","South Dakota",12.41,0.98,17.12,0,0.451923076923077,0.663461538461538
"CU-ensemble","Tennessee",59.06,0.75,76.04,1,0.471153846153846,0.721153846153846
"CU-ensemble","Texas",181.76,0.71,222.83,1,0.519230769230769,0.673076923076923
"CU-ensemble","Utah",10.91,1.09,14.52,0,0.519230769230769,0.730769230769231
"CU-ensemble","Vermont",9.11,0.85,11.48,1,0.605769230769231,0.711538461538462
"CU-ensemble","Virginia",39.85,0.74,52.93,1,0.605769230769231,0.75
"CU-ensemble","Washington",83.41,0.81,97.08,1,0.605769230769231,0.721153846153846
"CU-ensemble","West Virginia",30.74,0.69,39.16,1,0.519230769230769,0.721153846153846
"CU-ensemble","Wisconsin",55.97,0.75,67.66,1,0.5,0.721153846153846
"CU-ensemble","Wyoming",7.55,0.84,10.08,1,0.615384615384615,0.817307692307692
"Flusight-baseline","Alabama",34.14,1,44.07,0,0.548387096774194,0.846774193548387
"Flusight-baseline","Alaska",10.56,1,13.47,0,0.467741935483871,0.733870967741935
"Flusight-baseline","Arizona",108.05,1,129.37,0,0.443548387096774,0.725806451612903
"Flusight-baseline","Arkansas",51.84,1,62.42,0,0.5,0.741935483870968
"Flusight-baseline","California",377.26,1,432.72,0,0.508064516129032,0.693548387096774
"Flusight-baseline","Colorado",38.19,1,49.86,0,0.548387096774194,0.782258064516129
"Flusight-baseline","Connecticut",59.11,1,68.53,0,0.483870967741935,0.620967741935484
"Flusight-baseline","Delaware",8.58,1,11.52,0,0.524193548387097,0.895161290322581
"Flusight-baseline","District of Columbia",7.77,1,9.85,0,0.467741935483871,0.782258064516129
"Flusight-baseline","Florida",119.83,1,151.72,0,0.467741935483871,0.709677419354839
"Flusight-baseline","Georgia",21.85,1,29.81,0,0.483870967741935,0.806451612903226
"Flusight-baseline","Hawaii",4.22,1,5.85,0,0.491935483870968,0.830645161290323
"Flusight-baseline","Idaho",37.14,1,42.39,0,0.443548387096774,0.67741935483871
"Flusight-baseline","Illinois",135.99,1,156.97,0,0.467741935483871,0.637096774193548
"Flusight-baseline","Indiana",108.17,1,126.1,0,0.475806451612903,0.669354838709677
"Flusight-baseline","Iowa",47.37,1,54.5,0,0.508064516129032,0.733870967741935
"Flusight-baseline","Kansas",34.8,1,41.72,0,0.508064516129032,0.75
"Flusight-baseline","Kentucky",100.07,1,114.22,0,0.516129032258065,0.685483870967742
"Flusight-baseline","Louisiana",29.42,1,38.55,0,0.459677419354839,0.741935483870968
"Flusight-baseline","Maine",27.02,1,31.69,0,0.483870967741935,0.741935483870968
"Flusight-baseline","Maryland",42.33,1,51.65,0,0.5,0.685483870967742
"Flusight-baseline","Massachusetts",105.51,1,120.6,0,0.491935483870968,0.733870967741935
"Flusight-baseline","Michigan",151.05,1,170.07,0,0.5,0.685483870967742
"Flusight-baseline","Minnesota",53.59,1,63.9,0,0.516129032258065,0.685483870967742
"Flusight-baseline","Mississippi",28.52,1,36.25,0,0.540322580645161,0.814516129032258
"Flusight-baseline","Missouri",118.45,1,136.41,0,0.475806451612903,0.669354838709677
"Flusight-baseline","Montana",13.52,1,16.92,0,0.564516129032258,0.766129032258065
"Flusight-baseline","Nebraska",19.45,1,25.45,0,0.540322580645161,0.725806451612903
"Flusight-baseline","Nevada",50.68,1,60.58,0,0.548387096774194,0.693548387096774
"Flusight-baseline","New Hampshire",17.99,1,21.54,0,0.5,0.758064516129032
"Flusight-baseline","New Jersey",102.56,1,121.95,0,0.451612903225806,0.685483870967742
"Flusight-baseline","New Mexico",44.57,1,52.89,0,0.556451612903226,0.701612903225806
"Flusight-baseline","New York",226.31,1,257.23,0,0.491935483870968,0.645161290322581
"Flusight-baseline","North Carolina",62.67,1,78.65,0,0.516129032258065,0.709677419354839
"Flusight-baseline","North Dakota",11.01,1,14.59,0,0.42741935483871,0.790322580645161
"Flusight-baseline","Ohio",130.76,1,152.15,0,0.516129032258065,0.67741935483871
"Flusight-baseline","Oklahoma",110.45,1,128.44,0,0.467741935483871,0.733870967741935
"Flusight-baseline","Oregon",88.65,1,98.58,0,0.532258064516129,0.67741935483871
"Flusight-baseline","Pennsylvania",153.69,1,181.54,0,0.346774193548387,0.661290322580645
"Flusight-baseline","Puerto Rico",11.76,1,17.99,0,0.483870967741935,0.959677419354839
"Flusight-baseline","Rhode Island",8.17,1,9.73,0,0.5,0.717741935483871
"Flusight-baseline","South Carolina",26.11,1,33.07,0,0.564516129032258,0.814516129032258
"Flusight-baseline","South Dakota",11.76,1,15.52,0,0.5,0.798387096774194
"Flusight-baseline","Tennessee",69.82,1,83.16,0,0.491935483870968,0.741935483870968
"Flusight-baseline","Texas",223.34,1,273.5,0,0.491935483870968,0.669354838709677
"Flusight-baseline","Utah",9.45,1,12.15,0,0.556451612903226,0.758064516129032
"Flusight-baseline","Vermont",10.08,1,11.88,0,0.491935483870968,0.733870967741935
"Flusight-baseline","Virginia",48.86,1,59.03,0,0.475806451612903,0.741935483870968
"Flusight-baseline","Washington",91.66,1,105.88,0,0.32258064516129,0.733870967741935
"Flusight-baseline","West Virginia",39.83,1,47.18,0,0.532258064516129,0.661290322580645
"Flusight-baseline","Wisconsin",67.5,1,78.35,0,0.508064516129032,0.758064516129032
"Flusight-baseline","Wyoming",8.14,1,10.47,0,0.532258064516129,0.846774193548387
"Flusight-ensemble","Alabama",34.04,0.97,49.73,1,0.564516129032258,0.862903225806452
"Flusight-ensemble","Alaska",8.81,0.83,12.55,1,0.548387096774194,0.782258064516129
"Flusight-ensemble","Arizona",87.59,0.81,123.52,1,0.435483870967742,0.798387096774194
"Flusight-ensemble","Arkansas",41.19,0.79,56.02,1,0.564516129032258,0.782258064516129
"Flusight-ensemble","California",319.81,0.85,418.23,1,0.596774193548387,0.766129032258065
"Flusight-ensemble","Colorado",27.91,0.72,43.46,1,0.540322580645161,0.838709677419355
"Flusight-ensemble","Connecticut",45.01,0.77,62.57,1,0.516129032258065,0.758064516129032
"Flusight-ensemble","Delaware",8.27,0.96,12.15,1,0.548387096774194,0.806451612903226
"Flusight-ensemble","District of Columbia",6.45,0.82,9.47,1,0.604838709677419,0.870967741935484
"Flusight-ensemble","Florida",85.46,0.72,129.85,1,0.612903225806452,0.846774193548387
"Flusight-ensemble","Georgia",19.04,0.88,30.19,1,0.580645161290323,0.959677419354839
"Flusight-ensemble","Hawaii",3.74,0.88,5.6,1,0.580645161290323,0.879032258064516
"Flusight-ensemble","Idaho",25.96,0.7,34.65,1,0.556451612903226,0.766129032258065
"Flusight-ensemble","Illinois",109.77,0.81,145.41,1,0.508064516129032,0.733870967741935
"Flusight-ensemble","Indiana",85.48,0.8,116.28,1,0.588709677419355,0.806451612903226
"Flusight-ensemble","Iowa",32.48,0.69,42.69,1,0.564516129032258,0.798387096774194
"Flusight-ensemble","Kansas",26.62,0.77,36.75,1,0.532258064516129,0.806451612903226
"Flusight-ensemble","Kentucky",77.49,0.77,98.05,1,0.532258064516129,0.75
"Flusight-ensemble","Louisiana",23.27,0.79,35.75,1,0.524193548387097,0.870967741935484
"Flusight-ensemble","Maine",18.4,0.69,25.2,1,0.540322580645161,0.814516129032258
"Flusight-ensemble","Maryland",31.67,0.74,45.26,1,0.604838709677419,0.830645161290323
"Flusight-ensemble","Massachusetts",67.39,0.64,88.11,1,0.661290322580645,0.798387096774194
"Flusight-ensemble","Michigan",95.56,0.63,133.1,1,0.580645161290323,0.75
"Flusight-ensemble","Minnesota",42.21,0.78,58.19,1,0.508064516129032,0.798387096774194
"Flusight-ensemble","Mississippi",21.03,0.74,33.02,1,0.483870967741935,0.870967741935484
"Flusight-ensemble","Missouri",91.67,0.78,118.64,1,0.548387096774194,0.741935483870968
"Flusight-ensemble","Montana",10.31,0.76,15.1,1,0.564516129032258,0.830645161290323
"Flusight-ensemble","Nebraska",14.65,0.75,21.85,1,0.548387096774194,0.806451612903226
"Flusight-ensemble","Nevada",41.73,0.83,57.09,1,0.564516129032258,0.75
"Flusight-ensemble","New Hampshire",12.04,0.67,17.26,1,0.580645161290323,0.82258064516129
"Flusight-ensemble","New Jersey",79.44,0.76,110.88,1,0.524193548387097,0.774193548387097
"Flusight-ensemble","New Mexico",32.18,0.72,46.41,1,0.5,0.798387096774194
"Flusight-ensemble","New York",164.39,0.73,225.28,1,0.564516129032258,0.709677419354839
"Flusight-ensemble","North Carolina",54.57,0.87,77.54,1,0.5,0.798387096774194
"Flusight-ensemble","North Dakota",7.94,0.72,11.06,1,0.57258064516129,0.870967741935484
"Flusight-ensemble","Ohio",92.66,0.72,128.52,1,0.588709677419355,0.75
"Flusight-ensemble","Oklahoma",78.96,0.72,101.86,1,0.629032258064516,0.838709677419355
"Flusight-ensemble","Oregon",60.38,0.68,78.16,1,0.580645161290323,0.766129032258065
"Flusight-ensemble","Pennsylvania",119.2,0.78,167.22,1,0.475806451612903,0.741935483870968
"Flusight-ensemble","Puerto Rico",11.69,1,18.37,1,0.57258064516129,0.975806451612903
"Flusight-ensemble","Rhode Island",6.12,0.75,8.87,1,0.580645161290323,0.82258064516129
"Flusight-ensemble","South Carolina",24.56,0.94,33.62,1,0.645161290322581,0.846774193548387
"Flusight-ensemble","South Dakota",10.29,0.88,15.02,1,0.516129032258065,0.82258064516129
"Flusight-ensemble","Tennessee",53.68,0.77,77.06,1,0.540322580645161,0.82258064516129
"Flusight-ensemble","Texas",169.64,0.76,239.16,1,0.612903225806452,0.758064516129032
"Flusight-ensemble","Utah",7.7,0.81,11.38,1,0.588709677419355,0.862903225806452
"Flusight-ensemble","Vermont",7.09,0.71,9.96,1,0.693548387096774,0.82258064516129
"Flusight-ensemble","Virginia",36.99,0.75,51.1,1,0.67741935483871,0.862903225806452
"Flusight-ensemble","Washington",69.89,0.77,89.8,1,0.588709677419355,0.838709677419355
"Flusight-ensemble","West Virginia",28.99,0.73,39.49,1,0.556451612903226,0.709677419354839
"Flusight-ensemble","Wisconsin",51.1,0.76,67.91,1,0.540322580645161,0.782258064516129
"Flusight-ensemble","Wyoming",6.81,0.83,9.51,1,0.620967741935484,0.854838709677419
"GT-FluFNP","Alabama",35.61,0.93,43.72,0,0.637931034482759,0.801724137931034
"GT-FluFNP","Alaska",8.44,0.76,10.65,1,0.5,0.71551724137931
"GT-FluFNP","Arizona",90.22,0.8,113.27,1,0.5,0.724137931034483
"GT-FluFNP","Arkansas",45.4,0.82,54.96,1,0.603448275862069,0.775862068965517
"GT-FluFNP","California",322.64,0.8,381.8,1,0.612068965517241,0.767241379310345
"GT-FluFNP","Colorado",24.58,0.6,35.36,1,0.586206896551724,0.862068965517241
"GT-FluFNP","Connecticut",42.17,0.67,51.09,1,0.551724137931034,0.732758620689655
"GT-FluFNP","Delaware",7.63,0.88,9.8,1,0.580357142857143,0.767857142857143
"GT-FluFNP","District of Columbia",7.27,0.88,8.64,1,0.594827586206897,0.758620689655172
"GT-FluFNP","Florida",89.76,0.71,126.2,1,0.508620689655172,0.78448275862069
"GT-FluFNP","Georgia",27.4,1.14,37.66,0,0.348214285714286,0.767857142857143
"GT-FluFNP","Idaho",27.07,0.87,32.62,1,0.615384615384615,0.721153846153846
"GT-FluFNP","Illinois",115.1,0.79,133.53,1,0.586206896551724,0.741379310344828
"GT-FluFNP","Indiana",87.5,0.77,102.59,1,0.594827586206897,0.767241379310345
"GT-FluFNP","Iowa",40.18,0.89,47.17,1,0.611111111111111,0.75
"GT-FluFNP","Kansas",27.74,0.75,31.88,1,0.646551724137931,0.78448275862069
"GT-FluFNP","Kentucky",85.78,0.81,102.72,1,0.586206896551724,0.706896551724138
"GT-FluFNP","Louisiana",27.42,0.86,35.79,1,0.525862068965517,0.758620689655172
"GT-FluFNP","Maine",22.41,0.8,27.04,1,0.543103448275862,0.698275862068966
"GT-FluFNP","Maryland",40.5,0.9,48.7,1,0.594827586206897,0.758620689655172
"GT-FluFNP","Massachusetts",77.06,0.7,98.09,1,0.568965517241379,0.767241379310345
"GT-FluFNP","Michigan",115.56,0.73,140.2,1,0.560344827586207,0.706896551724138
"GT-FluFNP","Minnesota",48.54,0.86,59.96,1,0.551724137931034,0.724137931034483
"GT-FluFNP","Mississippi",29.28,0.93,36.47,0,0.560344827586207,0.818965517241379
"GT-FluFNP","Missouri",93.01,0.74,109.81,1,0.577586206896552,0.767241379310345
"GT-FluFNP","Montana",9.25,0.64,12.1,1,0.603448275862069,0.844827586206897
"GT-FluFNP","Nebraska",14.97,0.84,20.2,1,0.472222222222222,0.768518518518518
"GT-FluFNP","Nevada",42.3,0.78,52.3,1,0.577586206896552,0.71551724137931
"GT-FluFNP","New Hampshire",12.29,0.7,15.22,1,0.574074074074074,0.787037037037037
"GT-FluFNP","New Jersey",89.97,0.83,108.4,1,0.568965517241379,0.724137931034483
"GT-FluFNP","New Mexico",43.06,0.92,53.02,1,0.568965517241379,0.71551724137931
"GT-FluFNP","New York",192.54,0.91,229.08,1,0.546296296296296,0.657407407407407
"GT-FluFNP","North Carolina",51.66,0.76,65.52,1,0.594827586206897,0.767241379310345
"GT-FluFNP","North Dakota",9.74,0.87,12.69,1,0.453703703703704,0.777777777777778
"GT-FluFNP","Ohio",114.29,0.83,137.36,1,0.568965517241379,0.698275862068966
"GT-FluFNP","Oklahoma",87.96,0.76,103.93,1,0.620689655172414,0.801724137931034
"GT-FluFNP","Oregon",80.64,0.86,92.16,1,0.603448275862069,0.698275862068966
"GT-FluFNP","Pennsylvania",137.3,0.85,172.26,1,0.396551724137931,0.75
"GT-FluFNP","Rhode Island",6.74,0.8,8.12,1,0.568965517241379,0.698275862068966
"GT-FluFNP","South Carolina",26.71,0.95,33.74,0,0.577586206896552,0.836206896551724
"GT-FluFNP","South Dakota",10.77,0.97,13.66,1,0.444444444444444,0.703703703703704
"GT-FluFNP","Tennessee",66.11,0.88,78.69,1,0.53448275862069,0.75
"GT-FluFNP","Texas",194.81,0.82,246.44,1,0.594827586206897,0.732758620689655
"GT-FluFNP","Utah",7.19,0.72,9.43,1,0.474137931034483,0.75
"GT-FluFNP","Vermont",9.68,0.9,11.77,1,0.535714285714286,0.705357142857143
"GT-FluFNP","Virginia",48.24,0.92,58.29,1,0.543103448275862,0.78448275862069
"GT-FluFNP","Washington",80.55,0.82,92.38,1,0.594827586206897,0.793103448275862
"GT-FluFNP","West Virginia",33.42,0.79,41.1,1,0.5,0.681034482758621
"GT-FluFNP","Wisconsin",58.05,0.81,70.65,1,0.568965517241379,0.767241379310345
"GT-FluFNP","Wyoming",7.54,0.87,9.43,1,0.568965517241379,0.775862068965517
"JHU_IDD-CovidSP","Alabama",177.29,5.56,225.55,0,0.446601941747573,0.747572815533981
"JHU_IDD-CovidSP","Alaska",7.74,0.71,11.43,1,0.669902912621359,0.893203883495146
"JHU_IDD-CovidSP","Arizona",81.34,0.74,124.2,1,0.611650485436893,0.902912621359223
"JHU_IDD-CovidSP","Arkansas",89.89,1.69,118.03,0,0.475728155339806,0.864077669902913
"JHU_IDD-CovidSP","California",520.47,1.45,660.18,0,0.525252525252525,0.696969696969697
"JHU_IDD-CovidSP","Colorado",40.17,1.14,59.77,0,0.58252427184466,0.902912621359223
"JHU_IDD-CovidSP","Connecticut",71.75,1.2,98.05,0,0.533980582524272,0.815533980582524
"JHU_IDD-CovidSP","Delaware",21.53,2.36,28.17,0,0.41747572815534,0.640776699029126
"JHU_IDD-CovidSP","District of Columbia",19.67,2.64,27.12,0,0.485436893203884,0.757281553398058
"JHU_IDD-CovidSP","Florida",167.56,1.45,247.67,0,0.58252427184466,0.951456310679612
"JHU_IDD-CovidSP","Georgia",262.34,12.35,346.69,0,0.495145631067961,0.776699029126214
"JHU_IDD-CovidSP","Hawaii",3.68,0.9,5.15,1,0.592233009708738,0.893203883495146
"JHU_IDD-CovidSP","Idaho",26.52,0.69,36.04,1,0.495145631067961,0.766990291262136
"JHU_IDD-CovidSP","Illinois",318.89,2.24,417.24,0,0.378640776699029,0.786407766990291
"JHU_IDD-CovidSP","Indiana",222.69,1.97,306.53,0,0.456310679611651,0.70873786407767
"JHU_IDD-CovidSP","Iowa",47.97,0.97,68.69,0,0.543689320388349,0.805825242718447
"JHU_IDD-CovidSP","Kansas",56.41,1.56,77.01,0,0.504854368932039,0.796116504854369
"JHU_IDD-CovidSP","Kentucky",128.8,1.28,166.17,0,0.436893203883495,0.796116504854369
"JHU_IDD-CovidSP","Louisiana",74.13,2.55,105.81,0,0.485436893203884,0.825242718446602
"JHU_IDD-CovidSP","Maine",25.39,0.98,37.55,1,0.383838383838384,0.636363636363636
"JHU_IDD-CovidSP","Maryland",150.74,3.56,201.46,0,0.310679611650485,0.757281553398058
"JHU_IDD-CovidSP","Massachusetts",106.61,0.98,155.59,0,0.456310679611651,0.854368932038835
"JHU_IDD-CovidSP","Michigan",181.63,1.27,262.24,0,0.485436893203884,0.815533980582524
"JHU_IDD-CovidSP","Minnesota",148.24,2.63,199.15,0,0.349514563106796,0.70873786407767
"JHU_IDD-CovidSP","Mississippi",48.28,1.74,68.15,0,0.378640776699029,0.83495145631068
"JHU_IDD-CovidSP","Missouri",135.62,1.03,183.82,0,0.621359223300971,0.854368932038835
"JHU_IDD-CovidSP","Montana",12.04,0.86,18.6,1,0.485436893203884,0.815533980582524
"JHU_IDD-CovidSP","Nebraska",48.29,2.32,73.91,0,0.281553398058252,0.679611650485437
"JHU_IDD-CovidSP","Nevada",34.79,0.7,52.28,1,0.553398058252427,0.815533980582524
"JHU_IDD-CovidSP","New Hampshire",10.44,0.58,16.04,1,0.398058252427184,0.825242718446602
"JHU_IDD-CovidSP","New Jersey",251.13,2.35,320.44,0,0.349514563106796,0.776699029126214
"JHU_IDD-CovidSP","New Mexico",27.42,0.64,40.83,1,0.543689320388349,0.902912621359223
"JHU_IDD-CovidSP","New York",424.08,1.8,558.35,0,0.524271844660194,0.796116504854369
"JHU_IDD-CovidSP","North Carolina",325.91,5.33,427.26,0,0.281553398058252,0.669902912621359
"JHU_IDD-CovidSP","North Dakota",8.19,0.72,12.28,1,0.533980582524272,0.970873786407767
"JHU_IDD-CovidSP","Ohio",295.1,2.28,400.09,0,0.485436893203884,0.776699029126214
"JHU_IDD-CovidSP","Oklahoma",74.04,0.63,105.96,1,0.475728155339806,0.941747572815534
"JHU_IDD-CovidSP","Oregon",68.22,0.89,93.64,1,0.494949494949495,0.686868686868687
"JHU_IDD-CovidSP","Pennsylvania",354.72,2.17,471.83,0,0.407766990291262,0.805825242718447
"JHU_IDD-CovidSP","Rhode Island",6.07,0.8,8.98,1,0.525252525252525,0.727272727272727
"JHU_IDD-CovidSP","South Carolina",145.33,5.66,190.14,0,0.456310679611651,0.757281553398058
"JHU_IDD-CovidSP","South Dakota",28.48,2.57,42.53,0,0.373737373737374,0.777777777777778
"JHU_IDD-CovidSP","Tennessee",213.09,3.13,282.5,0,0.495145631067961,0.844660194174757
"JHU_IDD-CovidSP","Texas",560.35,2.39,824.77,0,0.466019417475728,0.883495145631068
"JHU_IDD-CovidSP","Utah",7.95,0.84,11.82,1,0.553398058252427,0.893203883495146
"JHU_IDD-CovidSP","Vermont",8.4,0.82,11.56,1,0.553398058252427,0.776699029126214
"JHU_IDD-CovidSP","Virginia",293.38,6.38,374.29,0,0.407766990291262,0.679611650485437
"JHU_IDD-CovidSP","Washington",88.79,1.08,117.07,1,0.515151515151515,0.818181818181818
"JHU_IDD-CovidSP","West Virginia",66.01,1.68,86.42,0,0.398058252427184,0.747572815533981
"JHU_IDD-CovidSP","Wisconsin",90.02,1.22,128.98,0,0.456310679611651,0.747572815533981
"JHU_IDD-CovidSP","Wyoming",8.26,0.97,12.71,0,0.650485436893204,0.932038834951456
"MIGHTE-Nsemble","Alabama",46.34,1.39,59.61,0,0.508333333333333,0.85
"MIGHTE-Nsemble","Alaska",7.86,0.74,10.48,1,0.55,0.810344827586207
"MIGHTE-Nsemble","Arizona",97.18,0.89,133.98,1,0.333333333333333,0.741666666666667
"MIGHTE-Nsemble","Arkansas",35.58,0.71,48.02,1,0.508333333333333,0.775
"MIGHTE-Nsemble","California",343.59,0.92,466.31,1,0.45,0.733333333333333
"MIGHTE-Nsemble","Colorado",30.87,0.79,47.34,1,0.575,0.9
"MIGHTE-Nsemble","Connecticut",50.92,0.84,63.35,1,0.466666666666667,0.658333333333333
"MIGHTE-Nsemble","Delaware",7.01,0.8,10.57,1,0.466666666666667,0.8
"MIGHTE-Nsemble","District of Columbia",5.83,0.79,8.28,1,0.616666666666667,0.883333333333333
"MIGHTE-Nsemble","Florida",86.37,0.7,126.69,1,0.648148148148148,0.87962962962963
"MIGHTE-Nsemble","Georgia",22.35,1.08,33.19,0,0.7,0.966666666666667
"MIGHTE-Nsemble","Hawaii",3.52,0.84,5.45,1,0.616666666666667,0.933333333333333
"MIGHTE-Nsemble","Idaho",24.96,0.66,34.08,1,0.491666666666667,0.808333333333333
"MIGHTE-Nsemble","Illinois",108.93,0.8,144.36,1,0.408333333333333,0.733333333333333
"MIGHTE-Nsemble","Indiana",68.92,0.63,94.09,1,0.475,0.783333333333333
"MIGHTE-Nsemble","Iowa",28.32,0.59,38.33,1,0.508333333333333,0.791666666666667
"MIGHTE-Nsemble","Kansas",22.17,0.63,29.94,1,0.425,0.816666666666667
"MIGHTE-Nsemble","Kentucky",69.45,0.69,91.18,1,0.425,0.741666666666667
"MIGHTE-Nsemble","Louisiana",25.52,0.88,35.49,1,0.5,0.8
"MIGHTE-Nsemble","Maine",16.63,0.61,22.72,1,0.441666666666667,0.808333333333333
"MIGHTE-Nsemble","Maryland",26.55,0.66,39.23,1,0.725,0.925
"MIGHTE-Nsemble","Massachusetts",61.57,0.57,82.65,1,0.591666666666667,0.8
"MIGHTE-Nsemble","Michigan",79.99,0.52,116.97,1,0.591666666666667,0.841666666666667
"MIGHTE-Nsemble","Minnesota",41.74,0.79,58.82,1,0.466666666666667,0.85
"MIGHTE-Nsemble","Mississippi",26.19,0.99,35.6,1,0.508333333333333,0.866666666666667
"MIGHTE-Nsemble","Missouri",82.27,0.68,105.47,1,0.55,0.75
"MIGHTE-Nsemble","Montana",9.47,0.69,14.05,1,0.641666666666667,0.891666666666667
"MIGHTE-Nsemble","Nebraska",12.51,0.63,19.73,1,0.508333333333333,0.875
"MIGHTE-Nsemble","Nevada",42.06,0.82,57.27,1,0.391666666666667,0.716666666666667
"MIGHTE-Nsemble","New Hampshire",11.82,0.64,15.95,1,0.508333333333333,0.8
"MIGHTE-Nsemble","New Jersey",71.8,0.7,104.27,1,0.508333333333333,0.825
"MIGHTE-Nsemble","New Mexico",32.88,0.75,45.3,1,0.408333333333333,0.766666666666667
"MIGHTE-Nsemble","New York",160.31,0.7,209.23,1,0.583333333333333,0.722689075630252
"MIGHTE-Nsemble","North Carolina",50.13,0.86,73.78,1,0.458333333333333,0.808333333333333
"MIGHTE-Nsemble","North Dakota",8.06,0.71,11.39,1,0.591666666666667,0.908333333333333
"MIGHTE-Nsemble","Ohio",77.36,0.59,113.95,1,0.491666666666667,0.833333333333333
"MIGHTE-Nsemble","Oklahoma",72.91,0.65,89.7,1,0.658333333333333,0.816666666666667
"MIGHTE-Nsemble","Oregon",58.93,0.65,78.11,1,0.583333333333333,0.841666666666667
"MIGHTE-Nsemble","Pennsylvania",99.74,0.65,142.69,1,0.45,0.783333333333333
"MIGHTE-Nsemble","Puerto Rico",13.03,1.1,19.09,0,0.675925925925926,0.972222222222222
"MIGHTE-Nsemble","Rhode Island",5.19,0.62,7.25,1,0.575,0.816666666666667
"MIGHTE-Nsemble","South Carolina",25.33,1.08,33.83,1,0.658333333333333,0.883333333333333
"MIGHTE-Nsemble","South Dakota",7.72,0.65,11.55,1,0.491666666666667,0.816666666666667
"MIGHTE-Nsemble","Tennessee",43.62,0.64,59.33,1,0.566666666666667,0.825
"MIGHTE-Nsemble","Texas",126.14,0.58,185.43,1,0.65,0.883333333333333
"MIGHTE-Nsemble","Utah",6.98,0.72,10.46,1,0.675,0.983333333333333
"MIGHTE-Nsemble","Vermont",7.09,0.69,9.61,1,0.508333333333333,0.758333333333333
"MIGHTE-Nsemble","Virginia",34.8,0.78,48.27,1,0.575,0.833333333333333
"MIGHTE-Nsemble","Washington",71.74,0.78,101.36,1,0.633333333333333,0.883333333333333
"MIGHTE-Nsemble","West Virginia",25.25,0.65,33.11,1,0.466666666666667,0.741666666666667
"MIGHTE-Nsemble","Wisconsin",45.3,0.66,64.9,1,0.4,0.741666666666667
"MIGHTE-Nsemble","Wyoming",6.81,0.82,9.06,1,0.55,0.8
"MOBS-GLEAM_FLUH","Alabama",55.02,1.39,75.18,0,0.564516129032258,0.806451612903226
"MOBS-GLEAM_FLUH","Alaska",5.58,0.53,8.1,1,0.411290322580645,0.814516129032258
"MOBS-GLEAM_FLUH","Arizona",55.86,0.51,83.71,1,0.206896551724138,0.586206896551724
"MOBS-GLEAM_FLUH","Arkansas",39.26,0.68,54.94,1,0.395161290322581,0.67741935483871
"MOBS-GLEAM_FLUH","California",255.27,0.71,343.33,1,0.448275862068966,0.775862068965517
"MOBS-GLEAM_FLUH","Colorado",22.56,0.58,32.72,1,0.474137931034483,0.78448275862069
"MOBS-GLEAM_FLUH","Connecticut",34.18,0.56,45.53,1,0.344827586206897,0.724137931034483
"MOBS-GLEAM_FLUH","Delaware",7.93,0.94,10.84,1,0.517241379310345,0.741379310344828
"MOBS-GLEAM_FLUH","District of Columbia",5.19,0.67,7.3,1,0.411290322580645,0.701612903225806
"MOBS-GLEAM_FLUH","Florida",71.89,0.61,108.04,1,0.583333333333333,0.9
"MOBS-GLEAM_FLUH","Georgia",26.13,1.13,39.4,0,0.508064516129032,0.879032258064516
"MOBS-GLEAM_FLUH","Hawaii",3.04,0.74,4.44,1,0.551724137931034,0.870689655172414
"MOBS-GLEAM_FLUH","Idaho",18.37,0.49,23.62,1,0.383928571428571,0.696428571428571
"MOBS-GLEAM_FLUH","Illinois",84.5,0.62,117.87,1,0.316666666666667,0.708333333333333
"MOBS-GLEAM_FLUH","Indiana",58.63,0.55,75.74,1,0.459677419354839,0.798387096774194
"MOBS-GLEAM_FLUH","Iowa",25.85,0.55,31.48,1,0.411290322580645,0.733870967741935
"MOBS-GLEAM_FLUH","Kansas",22.6,0.65,30.01,1,0.413793103448276,0.862068965517241
"MOBS-GLEAM_FLUH","Kentucky",30.55,0.32,45.44,1,0.458333333333333,0.833333333333333
"MOBS-GLEAM_FLUH","Louisiana",28.18,0.92,39.06,1,0.370967741935484,0.782258064516129
"MOBS-GLEAM_FLUH","Maine",16.16,0.58,20.96,1,0.37037037037037,0.787037037037037
"MOBS-GLEAM_FLUH","Maryland",19.31,0.46,29.23,1,0.419354838709677,0.82258064516129
"MOBS-GLEAM_FLUH","Massachusetts",60.47,0.54,73.66,1,0.553571428571429,0.821428571428571
"MOBS-GLEAM_FLUH","Michigan",79.39,0.51,109.13,1,0.189655172413793,0.629310344827586
"MOBS-GLEAM_FLUH","Minnesota",26.63,0.53,38.95,1,0.422413793103448,0.836206896551724
"MOBS-GLEAM_FLUH","Mississippi",16.4,0.56,25.73,1,0.475806451612903,0.903225806451613
"MOBS-GLEAM_FLUH","Missouri",72.92,0.6,93.25,1,0.358333333333333,0.816666666666667
"MOBS-GLEAM_FLUH","Montana",8.5,0.6,11.49,1,0.464285714285714,0.803571428571429
"MOBS-GLEAM_FLUH","Nebraska",12.81,0.67,16.14,1,0.448275862068966,0.655172413793103
"MOBS-GLEAM_FLUH","Nevada",25.48,0.49,33.34,1,0.366666666666667,0.808333333333333
"MOBS-GLEAM_FLUH","New Hampshire",13.63,0.69,17.9,1,0.375,0.673076923076923
"MOBS-GLEAM_FLUH","New Jersey",47.91,0.48,67.52,1,0.370689655172414,0.793103448275862
"MOBS-GLEAM_FLUH","New Mexico",26.17,0.6,34.4,1,0.42741935483871,0.862903225806452
"MOBS-GLEAM_FLUH","New York",111.57,0.49,159.86,1,0.198275862068966,0.698275862068966
"MOBS-GLEAM_FLUH","North Carolina",51.81,0.83,73.34,1,0.466666666666667,0.858333333333333
"MOBS-GLEAM_FLUH","North Dakota",7.24,0.64,9.33,1,0.448275862068966,0.78448275862069
"MOBS-GLEAM_FLUH","Ohio",55.09,0.43,81.37,1,0.325,0.816666666666667
"MOBS-GLEAM_FLUH","Oklahoma",87.67,0.79,107.74,1,0.258064516129032,0.604838709677419
"MOBS-GLEAM_FLUH","Oregon",48.81,0.55,58.15,1,0.419642857142857,0.785714285714286
"MOBS-GLEAM_FLUH","Pennsylvania",92.76,0.61,132.26,1,0.370967741935484,0.709677419354839
"MOBS-GLEAM_FLUH","Rhode Island",6.08,0.71,7.91,1,0.37962962962963,0.731481481481482
"MOBS-GLEAM_FLUH","South Carolina",26.66,1.02,38.6,0,0.5,0.895161290322581
"MOBS-GLEAM_FLUH","South Dakota",9.71,0.84,12.84,1,0.416666666666667,0.775
"MOBS-GLEAM_FLUH","Tennessee",42.87,0.61,61.88,1,0.516129032258065,0.854838709677419
"MOBS-GLEAM_FLUH","Texas",152.45,0.67,216.81,1,0.475806451612903,0.879032258064516
"MOBS-GLEAM_FLUH","Utah",7.3,0.77,10.32,1,0.370967741935484,0.741935483870968
"MOBS-GLEAM_FLUH","Vermont",6.01,0.6,8.1,1,0.462962962962963,0.759259259259259
"MOBS-GLEAM_FLUH","Virginia",29.12,0.65,44.6,1,0.458333333333333,0.908333333333333
"MOBS-GLEAM_FLUH","Washington",63.43,0.73,79.88,1,0.508928571428571,0.830357142857143
"MOBS-GLEAM_FLUH","West Virginia",19.26,0.49,27.03,1,0.370967741935484,0.798387096774194
"MOBS-GLEAM_FLUH","Wisconsin",44.94,0.65,57.87,1,0.339285714285714,0.741071428571429
"MOBS-GLEAM_FLUH","Wyoming",5.4,0.66,7.48,1,0.653225806451613,0.887096774193548
"PSI-DICE","Alabama",42.83,1.22,55.69,0,0.419354838709677,0.798387096774194
"PSI-DICE","Alaska",7.64,0.72,11,1,0.524193548387097,0.806451612903226
"PSI-DICE","Arizona",78.1,0.72,113.17,1,0.42741935483871,0.758064516129032
"PSI-DICE","Arkansas",32.05,0.63,41.98,1,0.459677419354839,0.846774193548387
"PSI-DICE","California",264.65,0.7,338.19,1,0.411290322580645,0.790322580645161
"PSI-DICE","Colorado",30.47,0.79,44.17,1,0.451612903225806,0.846774193548387
"PSI-DICE","Connecticut",37.33,0.64,51.41,1,0.403225806451613,0.766129032258065
"PSI-DICE","Delaware",7.68,0.9,11.18,1,0.516129032258065,0.814516129032258
"PSI-DICE","District of Columbia",6.09,0.77,8.52,1,0.540322580645161,0.82258064516129
"PSI-DICE","Florida",103.89,0.86,147.38,1,0.596774193548387,0.82258064516129
"PSI-DICE","Georgia",24.83,1.16,38.67,0,0.451612903225806,0.879032258064516
"PSI-DICE","Hawaii",4.2,0.99,6.35,1,0.556451612903226,0.870967741935484
"PSI-DICE","Idaho",25.69,0.71,34.77,1,0.459677419354839,0.774193548387097
"PSI-DICE","Illinois",74.42,0.55,102.38,1,0.435483870967742,0.798387096774194
"PSI-DICE","Indiana",80.91,0.76,93.19,1,0.516129032258065,0.741935483870968
"PSI-DICE","Iowa",27.07,0.58,35.28,1,0.475806451612903,0.854838709677419
"PSI-DICE","Kansas",21.86,0.63,28.28,1,0.5,0.766129032258065
"PSI-DICE","Kentucky",59.02,0.59,71.1,1,0.5,0.774193548387097
"PSI-DICE","Louisiana",25.78,0.89,37.42,1,0.451612903225806,0.830645161290323
"PSI-DICE","Maine",16.92,0.63,24.23,1,0.459677419354839,0.790322580645161
"PSI-DICE","Maryland",29.17,0.69,40.69,1,0.459677419354839,0.838709677419355
"PSI-DICE","Massachusetts",50.42,0.48,78.78,1,0.5,0.862903225806452
"PSI-DICE","Michigan",87.83,0.58,128.33,1,0.435483870967742,0.782258064516129
"PSI-DICE","Minnesota",29.64,0.54,40.52,1,0.475806451612903,0.782258064516129
"PSI-DICE","Mississippi",20.46,0.74,29.7,1,0.346774193548387,0.82258064516129
"PSI-DICE","Missouri",80.24,0.68,111.13,1,0.580645161290323,0.790322580645161
"PSI-DICE","Montana",9.04,0.67,12.83,1,0.580645161290323,0.814516129032258
"PSI-DICE","Nebraska",12.46,0.65,17.78,1,0.451612903225806,0.830645161290323
"PSI-DICE","Nevada",36.51,0.72,44.09,1,0.459677419354839,0.741935483870968
"PSI-DICE","New Hampshire",11.66,0.65,15.52,1,0.548387096774194,0.782258064516129
"PSI-DICE","New Jersey",73.85,0.73,94.07,1,0.370967741935484,0.741935483870968
"PSI-DICE","New Mexico",30.71,0.69,39.84,1,0.435483870967742,0.790322580645161
"PSI-DICE","New York",128.87,0.58,171.61,1,0.379032258064516,0.766129032258065
"PSI-DICE","North Carolina",51.45,0.82,67.23,1,0.42741935483871,0.774193548387097
"PSI-DICE","North Dakota",8.89,0.8,12.35,1,0.475806451612903,0.814516129032258
"PSI-DICE","Ohio",70.38,0.56,93.35,1,0.5,0.790322580645161
"PSI-DICE","Oklahoma",89.07,0.81,103.93,1,0.588709677419355,0.806451612903226
"PSI-DICE","Oregon",52.98,0.6,69.95,1,0.5,0.782258064516129
"PSI-DICE","Pennsylvania",129,0.85,170.93,1,0.346774193548387,0.741935483870968
"PSI-DICE","Puerto Rico",19.56,1.69,28.95,0,0.395161290322581,0.790322580645161
"PSI-DICE","Rhode Island",5.43,0.66,8.4,1,0.596774193548387,0.870967741935484
"PSI-DICE","South Carolina",27.86,1.08,38.74,0,0.516129032258065,0.814516129032258
"PSI-DICE","South Dakota",10.44,0.89,14.1,1,0.395161290322581,0.806451612903226
"PSI-DICE","Tennessee",53.75,0.78,72.48,1,0.403225806451613,0.782258064516129
"PSI-DICE","Texas",167.8,0.74,214.85,1,0.540322580645161,0.758064516129032
"PSI-DICE","Utah",8.39,0.88,12.4,1,0.5,0.879032258064516
"PSI-DICE","Vermont",6.72,0.67,9.38,1,0.645161290322581,0.887096774193548
"PSI-DICE","Virginia",47.47,0.98,61.37,1,0.588709677419355,0.806451612903226
"PSI-DICE","Washington",70,0.76,83.87,1,0.491935483870968,0.782258064516129
"PSI-DICE","West Virginia",26.31,0.67,35.35,1,0.451612903225806,0.782258064516129
"PSI-DICE","Wisconsin",42.77,0.64,58.16,1,0.5,0.798387096774194
"PSI-DICE","Wyoming",6.96,0.85,9.58,1,0.556451612903226,0.870967741935484
"SGroup-RandomForest","Alabama",33.49,0.96,50.74,1,0.516666666666667,0.9
"SGroup-RandomForest","Alaska",8.79,0.84,12.31,1,0.616666666666667,0.783333333333333
"SGroup-RandomForest","Arizona",89.11,0.84,126.95,1,0.441666666666667,0.775
"SGroup-RandomForest","Arkansas",44.68,0.85,58.53,1,0.566666666666667,0.841666666666667
"SGroup-RandomForest","California",273.61,0.73,383.02,1,0.625,0.85
"SGroup-RandomForest","Colorado",30.01,0.86,46.17,1,0.516666666666667,0.891666666666667
"SGroup-RandomForest","Connecticut",42.22,0.73,58.05,1,0.533333333333333,0.816666666666667
"SGroup-RandomForest","Delaware",7.62,0.88,10.78,1,0.541666666666667,0.825
"SGroup-RandomForest","District of Columbia",6.61,0.84,9.58,1,0.591666666666667,0.85
"SGroup-RandomForest","Florida",92.39,0.81,138.48,1,0.7,0.925
"SGroup-RandomForest","Georgia",23.41,1.09,37.04,0,0.575,0.991666666666667
"SGroup-RandomForest","Hawaii",3.51,0.88,5.39,1,0.625,0.95
"SGroup-RandomForest","Idaho",27.23,0.75,37.06,1,0.45,0.783333333333333
"SGroup-RandomForest","Illinois",105.57,0.78,147.23,1,0.475,0.85
"SGroup-RandomForest","Indiana",85.18,0.81,115.33,1,0.508333333333333,0.825
"SGroup-RandomForest","Iowa",30.52,0.67,40,1,0.616666666666667,0.816666666666667
"SGroup-RandomForest","Kansas",29.25,0.84,39.35,1,0.516666666666667,0.841666666666667
"SGroup-RandomForest","Kentucky",79.04,0.77,101.47,1,0.475,0.766666666666667
"SGroup-RandomForest","Louisiana",25.2,0.85,38.9,1,0.591666666666667,0.908333333333333
"SGroup-RandomForest","Maine",19.35,0.75,27.13,1,0.408333333333333,0.783333333333333
"SGroup-RandomForest","Maryland",38.3,0.91,58.08,1,0.475,0.891666666666667
"SGroup-RandomForest","Massachusetts",70.28,0.72,94.82,1,0.608333333333333,0.808333333333333
"SGroup-RandomForest","Michigan",94.24,0.68,136.05,1,0.516666666666667,0.85
"SGroup-RandomForest","Minnesota",45.14,0.84,66.07,1,0.391666666666667,0.825
"SGroup-RandomForest","Mississippi",30.91,1.08,46.86,0,0.416666666666667,0.866666666666667
"SGroup-RandomForest","Missouri",94.31,0.8,124.94,1,0.508333333333333,0.775
"SGroup-RandomForest","Montana",10.38,0.77,14.94,1,0.525,0.816666666666667
"SGroup-RandomForest","Nebraska",14.86,0.78,21.72,1,0.466666666666667,0.85
"SGroup-RandomForest","Nevada",39.55,0.81,53.06,1,0.558333333333333,0.783333333333333
"SGroup-RandomForest","New Hampshire",11.47,0.67,16.82,1,0.525,0.841666666666667
"SGroup-RandomForest","New Jersey",85.04,0.84,116.83,1,0.45,0.791666666666667
"SGroup-RandomForest","New Mexico",43.83,1.01,57.38,1,0.5,0.766666666666667
"SGroup-RandomForest","New York",176.82,0.81,245.45,1,0.483333333333333,0.758333333333333
"SGroup-RandomForest","North Carolina",55.59,0.88,82.73,1,0.441666666666667,0.883333333333333
"SGroup-RandomForest","North Dakota",8.58,0.78,11.69,1,0.533333333333333,0.858333333333333
"SGroup-RandomForest","Ohio",99.31,0.78,142.99,1,0.508333333333333,0.808333333333333
"SGroup-RandomForest","Oklahoma",91.39,0.85,118.85,1,0.625,0.808333333333333
"SGroup-RandomForest","Oregon",67.86,0.79,89,1,0.608333333333333,0.766666666666667
"SGroup-RandomForest","Pennsylvania",134.37,0.89,188.28,1,0.45,0.825
"SGroup-RandomForest","Puerto Rico",11.72,1.1,18.6,1,0.491666666666667,1
"SGroup-RandomForest","Rhode Island",6.07,0.79,8.89,1,0.608333333333333,0.866666666666667
"SGroup-RandomForest","South Carolina",24.59,0.94,37.94,1,0.533333333333333,0.933333333333333
"SGroup-RandomForest","South Dakota",9.6,0.84,13.55,1,0.558333333333333,0.841666666666667
"SGroup-RandomForest","Tennessee",57.05,0.81,78.58,1,0.491666666666667,0.85
"SGroup-RandomForest","Texas",216.87,0.96,306.82,1,0.508333333333333,0.858333333333333
"SGroup-RandomForest","Utah",8.02,0.88,12.2,1,0.683333333333333,0.933333333333333
"SGroup-RandomForest","Vermont",7.09,0.74,9.87,1,0.55,0.833333333333333
"SGroup-RandomForest","Virginia",44.56,0.91,64.92,1,0.566666666666667,0.875
"SGroup-RandomForest","Washington",73.62,0.81,101.11,1,0.575,0.833333333333333
"SGroup-RandomForest","West Virginia",32.31,0.83,43,1,0.533333333333333,0.741666666666667
"SGroup-RandomForest","Wisconsin",55.09,0.83,74.75,1,0.566666666666667,0.825
"SGroup-RandomForest","Wyoming",7.62,0.96,10.79,1,0.583333333333333,0.841666666666667
"SigSci-CREG","Alabama",33.69,1.29,42.59,1,0.275862068965517,0.655172413793103
"SigSci-CREG","Alaska",13.91,1.3,17.19,0,0.403225806451613,0.645161290322581
"SigSci-CREG","Arizona",160.26,1.8,176.81,0,0.3125,0.607142857142857
"SigSci-CREG","Arkansas",70.11,1.38,78.98,0,0.475,0.566666666666667
"SigSci-CREG","California",376.53,1.4,413.53,1,0.0217391304347826,0.619565217391304
"SigSci-CREG","Colorado",57.74,1.57,66.3,0,0.0982142857142857,0.455357142857143
"SigSci-CREG","Connecticut",71.44,1.37,80.45,0,0.321428571428571,0.580357142857143
"SigSci-CREG","Delaware",12.04,1.49,14.84,0,0.483333333333333,0.641666666666667
"SigSci-CREG","Florida",98.94,1.35,129,1,0.193181818181818,0.772727272727273
"SigSci-CREG","Georgia",27.01,1.27,35.68,0,0.35,0.758333333333333
"SigSci-CREG","Hawaii",4.69,1.12,6.65,0,0.491935483870968,0.806451612903226
"SigSci-CREG","Idaho",35.37,0.99,40.26,1,0.533333333333333,0.641666666666667
"SigSci-CREG","Illinois",176.12,1.34,189.79,0,0.408333333333333,0.566666666666667
"SigSci-CREG","Indiana",151.01,1.41,165.22,0,0.353448275862069,0.560344827586207
"SigSci-CREG","Iowa",45.44,1.07,52.97,1,0.075,0.483333333333333
"SigSci-CREG","Kansas",43.58,1.33,49.92,0,0.408333333333333,0.558333333333333
"SigSci-CREG","Kentucky",121.83,1.3,131.57,0,0.483333333333333,0.608333333333333
"SigSci-CREG","Louisiana",27.29,0.96,35.02,1,0.4,0.708333333333333
"SigSci-CREG","Maine",27.64,1.01,32.17,0,0.45,0.608333333333333
"SigSci-CREG","Maryland",53.98,1.26,62.48,0,0.290322580645161,0.620967741935484
"SigSci-CREG","Massachusetts",124.55,1.25,135.77,0,0.351851851851852,0.611111111111111
"SigSci-CREG","Michigan",169.73,1.16,186.58,0,0.23,0.59
"SigSci-CREG","Minnesota",69.88,1.41,77.35,0,0.491666666666667,0.608333333333333
"SigSci-CREG","Mississippi",33.7,1.29,41.56,0,0.441666666666667,0.675
"SigSci-CREG","Missouri",155.04,1.35,167.65,0,0.353448275862069,0.551724137931034
"SigSci-CREG","Montana",20.11,1.47,23.98,0,0.306451612903226,0.57258064516129
"SigSci-CREG","Nebraska",27.26,1.39,32.35,0,0.298387096774194,0.556451612903226
"SigSci-CREG","Nevada",72.07,1.67,78.32,0,0.543103448275862,0.629310344827586
"SigSci-CREG","New Hampshire",24.12,1.36,27.68,0,0.387096774193548,0.645161290322581
"SigSci-CREG","New Jersey",57.9,0.84,66.44,1,0.564814814814815,0.685185185185185
"SigSci-CREG","New Mexico",59.12,1.31,69.03,0,0.208333333333333,0.566666666666667
"SigSci-CREG","New York",235.12,1.27,255.43,0,0.480769230769231,0.605769230769231
"SigSci-CREG","North Carolina",79.55,1.34,89.93,0,0.387931034482759,0.629310344827586
"SigSci-CREG","North Dakota",12.3,1.28,15.45,0,0.341666666666667,0.658333333333333
"SigSci-CREG","Ohio",135.09,1.1,148.09,0,0.423076923076923,0.653846153846154
"SigSci-CREG","Oklahoma",156.62,1.41,171.76,0,0.225806451612903,0.491935483870968
"SigSci-CREG","Oregon",101.06,1.19,110.22,0,0.46551724137931,0.568965517241379
"SigSci-CREG","Pennsylvania",182.69,1.27,204.39,0,0.327586206896552,0.474137931034483
"SigSci-CREG","Rhode Island",8.63,1.06,10.77,0,0.459677419354839,0.685483870967742
"SigSci-CREG","South Carolina",32.51,1.26,39.24,0,0.516129032258065,0.661290322580645
"SigSci-CREG","South Dakota",16.72,1.41,20.49,0,0.338709677419355,0.661290322580645
"SigSci-CREG","Tennessee",87.32,1.28,98.66,0,0.35,0.566666666666667
"SigSci-CREG","Texas",324.91,1.75,355.39,0,0.223214285714286,0.571428571428571
"SigSci-CREG","Utah",11.78,1.24,14.75,0,0.564516129032258,0.701612903225806
"SigSci-CREG","Vermont",11.41,1.15,13.81,0,0.508064516129032,0.733870967741935
"SigSci-CREG","Virginia",65.6,1.44,74.48,0,0.5,0.641666666666667
"SigSci-CREG","Washington",125.57,1.34,137.42,0,0.258333333333333,0.533333333333333
"SigSci-CREG","West Virginia",48.74,1.24,56.27,0,0.408333333333333,0.625
"SigSci-CREG","Wisconsin",82.86,1.28,93.17,0,0.336206896551724,0.525862068965517
"SigSci-CREG","Wyoming",11.54,1.4,14.26,0,0.516129032258065,0.645161290322581
"SigSci-TSENS","Alabama",32.65,1.16,47.4,1,0.620689655172414,0.922413793103448
"SigSci-TSENS","Alaska",10.63,1.22,12.5,0,0.598214285714286,0.705357142857143
"SigSci-TSENS","Arizona",96.45,0.89,144.06,1,0.564516129032258,0.854838709677419
"SigSci-TSENS","Arkansas",60.75,1.17,70.63,0,0.556451612903226,0.67741935483871
"SigSci-TSENS","California",282.41,0.93,383.85,1,0.607142857142857,0.830357142857143
"SigSci-TSENS","Colorado",42.37,1.1,52.92,0,0.580645161290323,0.709677419354839
"SigSci-TSENS","Connecticut",59.6,1.18,67.95,0,0.591666666666667,0.666666666666667
"SigSci-TSENS","Delaware",10.45,1.23,13.21,0,0.57258064516129,0.75
"SigSci-TSENS","Florida",101.69,0.85,147.95,1,0.604838709677419,0.846774193548387
"SigSci-TSENS","Georgia",20.34,0.93,31.08,1,0.604838709677419,0.943548387096774
"SigSci-TSENS","Hawaii",4.63,1.1,5.98,0,0.483870967741935,0.758064516129032
"SigSci-TSENS","Idaho",39.95,1.08,43.13,0,0.612068965517241,0.672413793103448
"SigSci-TSENS","Illinois",131.58,1.02,152.76,1,0.566666666666667,0.716666666666667
"SigSci-TSENS","Indiana",88.57,0.94,128.5,1,0.591666666666667,0.875
"SigSci-TSENS","Iowa",51.73,1.05,57.4,0,0.55,0.716666666666667
"SigSci-TSENS","Kansas",39.93,1.16,46.15,0,0.57258064516129,0.637096774193548
"SigSci-TSENS","Kentucky",100.38,1.08,111.68,0,0.641666666666667,0.725
"SigSci-TSENS","Louisiana",37.66,1.28,46.33,0,0.475806451612903,0.653225806451613
"SigSci-TSENS","Maine",31.49,1.16,34.74,0,0.620967741935484,0.693548387096774
"SigSci-TSENS","Maryland",47.05,1.11,55.65,0,0.524193548387097,0.669354838709677
"SigSci-TSENS","Massachusetts",95.78,0.94,105.14,1,0.603448275862069,0.767241379310345
"SigSci-TSENS","Michigan",130.15,0.88,142.29,1,0.589285714285714,0.669642857142857
"SigSci-TSENS","Minnesota",58.98,1.07,66.7,0,0.637931034482759,0.741379310344828
"SigSci-TSENS","Mississippi",35.94,1.28,45.02,0,0.540322580645161,0.717741935483871
"SigSci-TSENS","Missouri",97.48,1.03,110.64,1,0.646551724137931,0.71551724137931
"SigSci-TSENS","Montana",18.26,1.35,21.03,0,0.580645161290323,0.701612903225806
"SigSci-TSENS","Nebraska",24.48,1.25,29.09,0,0.483870967741935,0.629032258064516
"SigSci-TSENS","Nevada",62.45,1.24,70.57,0,0.57258064516129,0.669354838709677
"SigSci-TSENS","New Hampshire",20.2,1.11,22.88,0,0.564516129032258,0.717741935483871
"SigSci-TSENS","New Jersey",79.7,0.94,115.43,1,0.625,0.85
"SigSci-TSENS","New Mexico",54.27,1.21,61.77,0,0.596774193548387,0.620967741935484
"SigSci-TSENS","New York",214.07,1.05,233.51,1,0.62037037037037,0.657407407407407
"SigSci-TSENS","North Carolina",72.59,1.18,88.16,0,0.564516129032258,0.67741935483871
"SigSci-TSENS","North Dakota",11.09,1,14.23,0,0.475806451612903,0.741935483870968
"SigSci-TSENS","Ohio",130.04,0.99,148.75,1,0.575,0.658333333333333
"SigSci-TSENS","Oklahoma",89.01,0.89,117.58,1,0.675,0.85
"SigSci-TSENS","Oregon",64.83,0.88,70.31,1,0.703703703703704,0.75
"SigSci-TSENS","Pennsylvania",124.56,0.9,170.12,1,0.575,0.8
"SigSci-TSENS","Rhode Island",9.65,1.15,11.01,0,0.541666666666667,0.658333333333333
"SigSci-TSENS","South Carolina",34.12,1.32,41.52,0,0.57258064516129,0.75
"SigSci-TSENS","South Dakota",14.8,1.25,18,0,0.524193548387097,0.717741935483871
"SigSci-TSENS","Tennessee",69.45,0.99,102.45,1,0.548387096774194,0.854838709677419
"SigSci-TSENS","Texas",199.26,0.89,285.17,1,0.57258064516129,0.782258064516129
"SigSci-TSENS","Utah",11.56,1.22,13.87,0,0.532258064516129,0.669354838709677
"SigSci-TSENS","Vermont",11.2,1.1,12.58,0,0.65,0.733333333333333
"SigSci-TSENS","Virginia",47.48,0.97,65.57,1,0.588709677419355,0.870967741935484
"SigSci-TSENS","Washington",70.08,0.88,78.14,1,0.694444444444444,0.768518518518518
"SigSci-TSENS","West Virginia",46.65,1.18,52.35,0,0.588709677419355,0.645161290322581
"SigSci-TSENS","Wisconsin",62.99,1.05,73.12,1,0.541666666666667,0.716666666666667
"SigSci-TSENS","Wyoming",10.12,1.25,12.22,0,0.548387096774194,0.717741935483871
"UGA_flucast-OKeeffe","Alabama",51.09,1.51,67.05,0,0.483333333333333,0.675
"UGA_flucast-OKeeffe","Alaska",9.11,0.86,13.26,1,0.516666666666667,0.816666666666667
"UGA_flucast-OKeeffe","Arizona",104.63,0.99,131.33,1,0.491666666666667,0.658333333333333
"UGA_flucast-OKeeffe","Arkansas",57.34,1.11,72.9,0,0.475,0.675
"UGA_flucast-OKeeffe","California",338.29,0.91,390.92,1,0.466666666666667,0.6
"UGA_flucast-OKeeffe","Colorado",36.89,1.07,45.7,1,0.516666666666667,0.666666666666667
"UGA_flucast-OKeeffe","Connecticut",49.15,0.85,61.58,1,0.541666666666667,0.725
"UGA_flucast-OKeeffe","Delaware",10.43,1.23,13.87,0,0.55,0.783333333333333
"UGA_flucast-OKeeffe","District of Columbia",8.97,1.17,12.32,0,0.533333333333333,0.766666666666667
"UGA_flucast-OKeeffe","Florida",145.23,1.26,179.4,0,0.5,0.741666666666667
"UGA_flucast-OKeeffe","Georgia",34.93,1.65,45.42,0,0.441666666666667,0.741666666666667
"UGA_flucast-OKeeffe","Hawaii",5.2,1.31,6.82,0,0.591666666666667,0.85
"UGA_flucast-OKeeffe","Idaho",28.39,0.79,35.02,1,0.466666666666667,0.725
"UGA_flucast-OKeeffe","Illinois",113.76,0.84,142.18,1,0.483333333333333,0.691666666666667
"UGA_flucast-OKeeffe","Indiana",89.38,0.84,108.53,1,0.483333333333333,0.675
"UGA_flucast-OKeeffe","Iowa",35.95,0.79,45.08,1,0.508333333333333,0.733333333333333
"UGA_flucast-OKeeffe","Kansas",27.61,0.8,36.65,1,0.575,0.75
"UGA_flucast-OKeeffe","Kentucky",90.37,0.9,110.51,1,0.433333333333333,0.675
"UGA_flucast-OKeeffe","Louisiana",37.34,1.29,48.75,0,0.458333333333333,0.725
"UGA_flucast-OKeeffe","Maine",20.1,0.78,26.13,1,0.541666666666667,0.808333333333333
"UGA_flucast-OKeeffe","Maryland",43.66,1.04,55.88,0,0.458333333333333,0.65
"UGA_flucast-OKeeffe","Massachusetts",78.55,0.81,99.21,1,0.45,0.716666666666667
"UGA_flucast-OKeeffe","Michigan",102.43,0.74,134.05,1,0.483333333333333,0.725
"UGA_flucast-OKeeffe","Minnesota",42.99,0.79,54.18,1,0.508333333333333,0.683333333333333
"UGA_flucast-OKeeffe","Mississippi",28.19,1.01,37.66,1,0.516666666666667,0.716666666666667
"UGA_flucast-OKeeffe","Missouri",98.51,0.84,122.11,1,0.475,0.691666666666667
"UGA_flucast-OKeeffe","Montana",12.46,0.93,15.78,1,0.608333333333333,0.833333333333333
"UGA_flucast-OKeeffe","Nebraska",16.01,0.83,21.46,1,0.508333333333333,0.75
"UGA_flucast-OKeeffe","Nevada",41.13,0.84,51.07,1,0.466666666666667,0.7
"UGA_flucast-OKeeffe","New Hampshire",14.66,0.86,19.61,1,0.666666666666667,0.791666666666667
"UGA_flucast-OKeeffe","New Jersey",111.93,1.1,136.98,0,0.391666666666667,0.558333333333333
"UGA_flucast-OKeeffe","New Mexico",41.57,0.96,52.45,1,0.466666666666667,0.733333333333333
"UGA_flucast-OKeeffe","New York",171.13,0.79,204.73,1,0.425,0.6
"UGA_flucast-OKeeffe","North Carolina",68.77,1.11,87.31,0,0.416666666666667,0.666666666666667
"UGA_flucast-OKeeffe","North Dakota",9.58,0.88,13.18,1,0.625,0.883333333333333
"UGA_flucast-OKeeffe","Ohio",103.71,0.82,123.07,1,0.475,0.608333333333333
"UGA_flucast-OKeeffe","Oklahoma",88.12,0.82,108.54,1,0.466666666666667,0.725
"UGA_flucast-OKeeffe","Oregon",69.73,0.81,83.52,1,0.45,0.683333333333333
"UGA_flucast-OKeeffe","Pennsylvania",156.32,1.04,189.57,0,0.383333333333333,0.508333333333333
"UGA_flucast-OKeeffe","Rhode Island",6.45,0.86,8.69,1,0.566666666666667,0.85
"UGA_flucast-OKeeffe","South Carolina",29.22,1.15,40.05,0,0.441666666666667,0.783333333333333
"UGA_flucast-OKeeffe","South Dakota",11.8,1.02,16.04,0,0.516666666666667,0.766666666666667
"UGA_flucast-OKeeffe","Tennessee",75.19,1.08,94.72,0,0.425,0.641666666666667
"UGA_flucast-OKeeffe","Texas",221.23,1.01,285.25,1,0.416666666666667,0.716666666666667
"UGA_flucast-OKeeffe","Utah",11.46,1.25,15.64,0,0.5,0.808333333333333
"UGA_flucast-OKeeffe","Vermont",9.25,0.97,11.85,1,0.566666666666667,0.775
"UGA_flucast-OKeeffe","Virginia",52.94,1.1,67.11,0,0.508333333333333,0.666666666666667
"UGA_flucast-OKeeffe","Washington",60.09,0.66,79.63,1,0.475,0.825
"UGA_flucast-OKeeffe","West Virginia",39.32,1.03,49.95,1,0.433333333333333,0.691666666666667
"UGA_flucast-OKeeffe","Wisconsin",50.56,0.77,60.74,1,0.6,0.8
"UGA_flucast-OKeeffe","Wyoming",7.61,0.96,10.47,1,0.641666666666667,0.841666666666667
"UMass-trends_ensemble","Alabama",31.78,0.93,47.54,1,0.733870967741935,0.903225806451613
"UMass-trends_ensemble","Alaska",8.8,0.83,14.58,1,0.645161290322581,0.959677419354839
"UMass-trends_ensemble","Arizona",91.28,0.85,131.56,1,0.548387096774194,0.814516129032258
"UMass-trends_ensemble","Arkansas",39.45,0.76,62.88,1,0.653225806451613,0.919354838709677
"UMass-trends_ensemble","California",323.01,0.86,452.68,1,0.580645161290323,0.798387096774194
"UMass-trends_ensemble","Colorado",31.76,0.82,50.85,1,0.693548387096774,0.879032258064516
"UMass-trends_ensemble","Connecticut",41.76,0.71,67.11,1,0.57258064516129,0.911290322580645
"UMass-trends_ensemble","Delaware",9.17,1.07,13.48,0,0.637096774193548,0.846774193548387
"UMass-trends_ensemble","District of Columbia",6.89,0.9,10.23,1,0.741935483870968,0.959677419354839
"UMass-trends_ensemble","Florida",96.23,0.8,144.03,1,0.612903225806452,0.870967741935484
"UMass-trends_ensemble","Georgia",22.42,1.05,29.27,0,0.774193548387097,1
"UMass-trends_ensemble","Hawaii",4.5,1.07,6.3,0,0.725806451612903,0.975806451612903
"UMass-trends_ensemble","Idaho",27.73,0.74,40.34,1,0.637096774193548,0.854838709677419
"UMass-trends_ensemble","Illinois",107.54,0.79,154.66,1,0.548387096774194,0.82258064516129
"UMass-trends_ensemble","Indiana",82.3,0.76,125.72,1,0.556451612903226,0.879032258064516
"UMass-trends_ensemble","Iowa",36.02,0.76,53.27,1,0.629032258064516,0.887096774193548
"UMass-trends_ensemble","Kansas",25.82,0.74,38.98,1,0.637096774193548,0.887096774193548
"UMass-trends_ensemble","Kentucky",75.99,0.76,111.26,1,0.596774193548387,0.846774193548387
"UMass-trends_ensemble","Louisiana",24.04,0.82,38.03,1,0.725806451612903,0.983870967741935
"UMass-trends_ensemble","Maine",21.58,0.8,30.99,1,0.620967741935484,0.830645161290323
"UMass-trends_ensemble","Maryland",30,0.71,49.31,1,0.629032258064516,0.943548387096774
"UMass-trends_ensemble","Massachusetts",85.46,0.81,116.69,1,0.645161290322581,0.782258064516129
"UMass-trends_ensemble","Michigan",111.86,0.73,164.9,1,0.564516129032258,0.798387096774194
"UMass-trends_ensemble","Minnesota",41.04,0.76,62.35,1,0.564516129032258,0.870967741935484
"UMass-trends_ensemble","Mississippi",23.14,0.83,35.48,1,0.701612903225806,0.959677419354839
"UMass-trends_ensemble","Missouri",97.94,0.83,138.38,1,0.491935483870968,0.798387096774194
"UMass-trends_ensemble","Montana",11.7,0.86,17.77,1,0.629032258064516,0.838709677419355
"UMass-trends_ensemble","Nebraska",14.83,0.75,25.31,1,0.67741935483871,0.991935483870968
"UMass-trends_ensemble","Nevada",37.95,0.75,61.01,1,0.596774193548387,0.919354838709677
"UMass-trends_ensemble","New Hampshire",14.54,0.8,22.37,1,0.612903225806452,0.854838709677419
"UMass-trends_ensemble","New Jersey",77.24,0.75,121.79,1,0.548387096774194,0.887096774193548
"UMass-trends_ensemble","New Mexico",31.27,0.7,49.15,1,0.669354838709677,0.919354838709677
"UMass-trends_ensemble","New York",181.21,0.8,258.63,1,0.516129032258065,0.758064516129032
"UMass-trends_ensemble","North Carolina",51.25,0.82,79.1,1,0.564516129032258,0.879032258064516
"UMass-trends_ensemble","North Dakota",9.23,0.83,13.74,1,0.653225806451613,0.911290322580645
"UMass-trends_ensemble","Ohio",90.98,0.7,137.75,1,0.620967741935484,0.82258064516129
"UMass-trends_ensemble","Oklahoma",90.83,0.82,123.97,1,0.596774193548387,0.830645161290323
"UMass-trends_ensemble","Oregon",65.78,0.74,96.15,1,0.629032258064516,0.838709677419355
"UMass-trends_ensemble","Pennsylvania",127.06,0.83,186.94,1,0.475806451612903,0.830645161290323
"UMass-trends_ensemble","Puerto Rico",14.79,1.27,20.67,0,0.693548387096774,0.959677419354839
"UMass-trends_ensemble","Rhode Island",6.42,0.78,9.66,1,0.645161290322581,0.943548387096774
"UMass-trends_ensemble","South Carolina",25.59,1,36.39,1,0.717741935483871,0.92741935483871
"UMass-trends_ensemble","South Dakota",11.53,0.97,18.27,1,0.564516129032258,0.919354838709677
"UMass-trends_ensemble","Tennessee",53.3,0.77,83.36,1,0.596774193548387,0.92741935483871
"UMass-trends_ensemble","Texas",167.77,0.76,251.34,1,0.620967741935484,0.798387096774194
"UMass-trends_ensemble","Utah",7.55,0.79,11.29,1,0.774193548387097,0.991935483870968
"UMass-trends_ensemble","Vermont",8.67,0.86,12.46,1,0.596774193548387,0.879032258064516
"UMass-trends_ensemble","Virginia",37.03,0.76,58.01,1,0.701612903225806,0.935483870967742
"UMass-trends_ensemble","Washington",73.75,0.81,103.19,1,0.620967741935484,0.862903225806452
"UMass-trends_ensemble","West Virginia",28.55,0.72,47.18,1,0.653225806451613,0.895161290322581
"UMass-trends_ensemble","Wisconsin",56.9,0.84,81.16,1,0.604838709677419,0.82258064516129
"UMass-trends_ensemble","Wyoming",7.5,0.92,11.24,1,0.758064516129032,0.935483870967742
"UNC_IDD-InfluPaint","Alabama",29.87,1.57,39.38,1,0.38,0.81
"UNC_IDD-InfluPaint","Alaska",8.01,0.87,9.93,1,0.42,0.71
"UNC_IDD-InfluPaint","Arizona",96.23,0.99,117.66,1,0.46,0.78
"UNC_IDD-InfluPaint","Arkansas",37.68,1.02,48.09,1,0.35,0.8
"UNC_IDD-InfluPaint","California",339.35,1.27,404.69,1,0.5,0.72
"UNC_IDD-InfluPaint","Colorado",30.17,0.81,38.76,1,0.5,0.76
"UNC_IDD-InfluPaint","Connecticut",48.32,0.84,61.15,1,0.43,0.75
"UNC_IDD-InfluPaint","Delaware",8.15,1.13,9.95,1,0.47,0.71
"UNC_IDD-InfluPaint","District of Columbia",9.51,1.94,12.35,0,0.51,0.77
"UNC_IDD-InfluPaint","Florida",134.68,1.27,189.93,0,0.33,0.86
"UNC_IDD-InfluPaint","Georgia",50.49,2.97,69.12,0,0.28,0.78
"UNC_IDD-InfluPaint","Hawaii",5.68,1.38,7.4,0,0.53,0.77
"UNC_IDD-InfluPaint","Idaho",27.68,0.8,34.08,1,0.33,0.65
"UNC_IDD-InfluPaint","Illinois",202.59,1.79,248.38,0,0.39,0.69
"UNC_IDD-InfluPaint","Indiana",102.69,0.98,127.9,1,0.34,0.71
"UNC_IDD-InfluPaint","Iowa",31.85,0.72,40.25,1,0.38,0.73
"UNC_IDD-InfluPaint","Kansas",29.81,0.98,35.7,1,0.5,0.75
"UNC_IDD-InfluPaint","Kentucky",94.78,1.21,114.15,1,0.34,0.64
"UNC_IDD-InfluPaint","Louisiana",24.68,1.03,33.6,1,0.37,0.89
"UNC_IDD-InfluPaint","Maine",17.11,0.66,22.44,1,0.4,0.65
"UNC_IDD-InfluPaint","Maryland",44.41,1.39,58.71,0,0.47,0.82
"UNC_IDD-InfluPaint","Massachusetts",65.87,0.63,87.19,1,0.53,0.78
"UNC_IDD-InfluPaint","Michigan",77.31,0.52,107.29,1,0.43,0.74
"UNC_IDD-InfluPaint","Minnesota",63.56,1.69,78.09,0,0.43,0.69
"UNC_IDD-InfluPaint","Mississippi",21,1.1,28,1,0.41,0.84
"UNC_IDD-InfluPaint","Missouri",116.85,1.05,139.67,1,0.31,0.71
"UNC_IDD-InfluPaint","Montana",11.35,0.84,14.36,1,0.39,0.68
"UNC_IDD-InfluPaint","Nebraska",15.4,0.82,20.12,1,0.36,0.7
"UNC_IDD-InfluPaint","Nevada",43.02,1.06,49.14,1,0.49,0.7
"UNC_IDD-InfluPaint","New Hampshire",12.05,0.64,16.37,1,0.34,0.68
"UNC_IDD-InfluPaint","New Jersey",82.18,0.93,110.41,1,0.38,0.82
"UNC_IDD-InfluPaint","New Mexico",32.03,0.89,39.5,1,0.42,0.71
"UNC_IDD-InfluPaint","New York",164.21,0.79,218.48,1,0.4,0.8
"UNC_IDD-InfluPaint","North Carolina",80.68,1.71,102.69,0,0.38,0.77
"UNC_IDD-InfluPaint","North Dakota",6.8,0.68,9.02,1,0.49,0.84
"UNC_IDD-InfluPaint","Ohio",119.97,1.03,147.42,1,0.39,0.74
"UNC_IDD-InfluPaint","Oklahoma",75.16,0.74,97.17,1,0.34,0.78
"UNC_IDD-InfluPaint","Oregon",71.91,0.92,84.22,1,0.4,0.64
"UNC_IDD-InfluPaint","Pennsylvania",134.46,0.97,180.8,1,0.31,0.77
"UNC_IDD-InfluPaint","Rhode Island",5.98,0.74,7.66,1,0.51,0.8
"UNC_IDD-InfluPaint","South Carolina",41.42,2.77,54.73,0,0.3,0.77
"UNC_IDD-InfluPaint","South Dakota",9.67,0.91,12.28,1,0.38,0.76
"UNC_IDD-InfluPaint","Tennessee",59.21,1.09,76.07,1,0.35,0.76
"UNC_IDD-InfluPaint","Texas",170.66,0.9,230.27,1,0.302083333333333,0.864583333333333
"UNC_IDD-InfluPaint","Utah",8.91,0.89,11.38,1,0.45,0.75
"UNC_IDD-InfluPaint","Vermont",6.67,0.64,8.86,1,0.49,0.73
"UNC_IDD-InfluPaint","Virginia",87.7,2.58,115.32,0,0.13,0.69
"UNC_IDD-InfluPaint","Washington",77.49,1.05,96.88,1,0.33,0.73
"UNC_IDD-InfluPaint","West Virginia",25.54,0.76,32.97,1,0.37,0.74
"UNC_IDD-InfluPaint","Wisconsin",56.17,0.87,71.83,1,0.35,0.7
"UNC_IDD-InfluPaint","Wyoming",5.58,0.86,7.2,1,0.62,0.85
"UVAFluX-Ensemble","Alabama",54.26,1.49,67.09,0,0.158333333333333,0.383333333333333
"UVAFluX-Ensemble","Alaska",14.28,1.3,16.9,0,0.283333333333333,0.466666666666667
"UVAFluX-Ensemble","Arizona",122.63,1.11,147.78,0,0.133333333333333,0.366666666666667
"UVAFluX-Ensemble","Arkansas",62.77,1.18,74.77,0,0.15,0.416666666666667
"UVAFluX-Ensemble","California",357.14,0.93,462.76,1,0.175,0.491666666666667
"UVAFluX-Ensemble","Colorado",48.29,1.2,54.68,0,0.2,0.433333333333333
"UVAFluX-Ensemble","Connecticut",90.12,1.48,104.08,0,0.175,0.258333333333333
"UVAFluX-Ensemble","Delaware",9.87,1.11,13.23,0,0.366666666666667,0.616666666666667
"UVAFluX-Ensemble","District of Columbia",8.39,1.04,10.48,0,0.275,0.45
"UVAFluX-Ensemble","Florida",140.85,1.15,180.34,0,0.191666666666667,0.475
"UVAFluX-Ensemble","Georgia",23.65,1.05,30.07,0,0.258333333333333,0.458333333333333
"UVAFluX-Ensemble","Hawaii",5.26,1.23,7.03,0,0.358333333333333,0.558333333333333
"UVAFluX-Ensemble","Idaho",46.35,1.21,55.1,0,0.216666666666667,0.391666666666667
"UVAFluX-Ensemble","Illinois",138.97,0.99,166.89,0,0.175,0.383333333333333
"UVAFluX-Ensemble","Indiana",132.53,1.19,154,0,0.116666666666667,0.316666666666667
"UVAFluX-Ensemble","Iowa",59.98,1.21,69.31,0,0.2,0.375
"UVAFluX-Ensemble","Kansas",39.64,1.1,47.31,0,0.183333333333333,0.35
"UVAFluX-Ensemble","Kentucky",111.31,1.08,124.77,0,0.308333333333333,0.583333333333333
"UVAFluX-Ensemble","Louisiana",30.24,1.01,40.53,0,0.241666666666667,0.425
"UVAFluX-Ensemble","Maine",32.51,1.15,37.17,0,0.241666666666667,0.416666666666667
"UVAFluX-Ensemble","Maryland",44,1,52.42,0,0.191666666666667,0.4
"UVAFluX-Ensemble","Massachusetts",129.79,1.18,148.6,0,0.191666666666667,0.366666666666667
"UVAFluX-Ensemble","Michigan",192.21,1.2,218.55,0,0.133333333333333,0.391666666666667
"UVAFluX-Ensemble","Minnesota",59.92,1.08,67.8,0,0.233333333333333,0.416666666666667
"UVAFluX-Ensemble","Mississippi",31.65,1.08,41.41,0,0.133333333333333,0.3
"UVAFluX-Ensemble","Missouri",145.86,1.2,169.88,0,0.158333333333333,0.3
"UVAFluX-Ensemble","Montana",18.76,1.34,21.64,0,0.333333333333333,0.4
"UVAFluX-Ensemble","Nebraska",27.03,1.33,31.9,0,0.216666666666667,0.333333333333333
"UVAFluX-Ensemble","Nevada",60.05,1.17,69.64,0,0.316666666666667,0.516666666666667
"UVAFluX-Ensemble","New Hampshire",20.51,1.07,23.81,0,0.216666666666667,0.383333333333333
"UVAFluX-Ensemble","New Jersey",119.48,1.12,143.12,0,0.116666666666667,0.325
"UVAFluX-Ensemble","New Mexico",37.81,0.82,47.73,1,0.241666666666667,0.508333333333333
"UVAFluX-Ensemble","New York",263.72,1.14,308.86,0,0.166666666666667,0.391666666666667
"UVAFluX-Ensemble","North Carolina",84.55,1.32,97.85,0,0.0833333333333333,0.216666666666667
"UVAFluX-Ensemble","North Dakota",14.85,1.29,18.47,0,0.208333333333333,0.425
"UVAFluX-Ensemble","Ohio",151.93,1.13,176.77,0,0.108333333333333,0.275
"UVAFluX-Ensemble","Oklahoma",153.75,1.35,176.57,0,0.158333333333333,0.4
"UVAFluX-Ensemble","Oregon",91.11,0.99,104.95,0,0.333333333333333,0.5
"UVAFluX-Ensemble","Pennsylvania",157,0.99,203.11,0,0.158333333333333,0.358333333333333
"UVAFluX-Ensemble","Rhode Island",9.8,1.14,11.32,0,0.391666666666667,0.533333333333333
"UVAFluX-Ensemble","South Carolina",32.96,1.23,40.53,0,0.258333333333333,0.391666666666667
"UVAFluX-Ensemble","South Dakota",15.22,1.26,18.37,0,0.191666666666667,0.366666666666667
"UVAFluX-Ensemble","Tennessee",88.5,1.24,102.58,0,0.133333333333333,0.316666666666667
"UVAFluX-Ensemble","Texas",215.99,0.93,277.95,1,0.225,0.541666666666667
"UVAFluX-Ensemble","Utah",13.04,1.34,15.79,0,0.258333333333333,0.441666666666667
"UVAFluX-Ensemble","Vermont",10.68,1.01,12.48,0,0.425,0.591666666666667
"UVAFluX-Ensemble","Virginia",54.09,1.08,68.28,0,0.175,0.4
"UVAFluX-Ensemble","Washington",100.13,1.06,117.65,0,0.183333333333333,0.441666666666667
"UVAFluX-Ensemble","West Virginia",44.37,1.09,51.99,0,0.175,0.333333333333333
"UVAFluX-Ensemble","Wisconsin",87.69,1.26,101.22,0,0.216666666666667,0.383333333333333
"UVAFluX-Ensemble","Wyoming",8.76,1.04,11.18,0,0.4,0.541666666666667
"VTSanghani-ExogModel","Alabama",43.52,1.07,60.28,0,0.26,0.7
"VTSanghani-ExogModel","Alaska",13.26,1.12,16.83,0,0.34,0.49
"VTSanghani-ExogModel","Arizona",129.62,1.11,166.13,0,0.29,0.62
"VTSanghani-ExogModel","Arkansas",58.1,0.98,74.82,0,0.19,0.52
"VTSanghani-ExogModel","California",416.64,0.95,494.54,0,0.14,0.52
"VTSanghani-ExogModel","Colorado",35.66,0.89,49.78,1,0.2,0.45
"VTSanghani-ExogModel","Connecticut",57.25,0.9,72.59,1,0.27,0.58
"VTSanghani-ExogModel","Delaware",11.9,1.25,14.75,0,0.38,0.61
"VTSanghani-ExogModel","District of Columbia",9.95,1.12,12.55,0,0.36,0.63
"VTSanghani-ExogModel","Florida",143.66,1.21,195.24,0,0.47,0.74
"VTSanghani-ExogModel","Georgia",29.45,1.25,41,0,0.41,0.83
"VTSanghani-ExogModel","Hawaii",5.52,1.28,6.65,0,0.32,0.58
"VTSanghani-ExogModel","Idaho",29.14,0.76,35.29,1,0.34,0.58
"VTSanghani-ExogModel","Illinois",146.7,0.96,185.66,0,0.23,0.55
"VTSanghani-ExogModel","Indiana",114.1,0.96,159.95,0,0.22,0.65
"VTSanghani-ExogModel","Iowa",35.22,0.73,44.76,1,0.22,0.55
"VTSanghani-ExogModel","Kansas",36.68,0.99,45.39,0,0.17,0.49
"VTSanghani-ExogModel","Kentucky",98.84,0.85,121.6,1,0.26,0.55
"VTSanghani-ExogModel","Louisiana",39.72,1.27,54.14,0,0.24,0.62
"VTSanghani-ExogModel","Maine",23.37,0.86,32.76,1,0.4,0.7
"VTSanghani-ExogModel","Maryland",42.87,0.9,53.19,0,0.27,0.62
"VTSanghani-ExogModel","Massachusetts",92.02,0.85,122.67,1,0.24,0.54
"VTSanghani-ExogModel","Michigan",111.27,0.74,148.37,1,0.23,0.51
"VTSanghani-ExogModel","Minnesota",59.17,0.96,72.58,0,0.29,0.61
"VTSanghani-ExogModel","Mississippi",30.09,0.95,45.11,0,0.27,0.7
"VTSanghani-ExogModel","Missouri",146.18,1.11,190.04,0,0.2,0.5
"VTSanghani-ExogModel","Montana",14.87,1.08,19.12,0,0.31,0.69
"VTSanghani-ExogModel","Nebraska",14.8,0.82,20.37,1,0.36,0.62
"VTSanghani-ExogModel","Nevada",48.38,0.86,62.71,1,0.23,0.54
"VTSanghani-ExogModel","New Hampshire",13.7,0.78,18.04,1,0.36,0.67
"VTSanghani-ExogModel","New Jersey",109.24,0.95,135.26,0,0.28,0.67
"VTSanghani-ExogModel","New Mexico",53.15,1.1,67.98,0,0.27,0.5
"VTSanghani-ExogModel","New York",216.38,0.95,267.08,1,0.29,0.61
"VTSanghani-ExogModel","North Carolina",60.46,0.86,81.64,1,0.32,0.62
"VTSanghani-ExogModel","North Dakota",10.98,0.97,13.37,1,0.36,0.59
"VTSanghani-ExogModel","Ohio",148.55,1.1,188.24,0,0.23,0.51
"VTSanghani-ExogModel","Oklahoma",132.02,1.07,174.78,0,0.3,0.55
"VTSanghani-ExogModel","Oregon",59.15,0.58,74.67,1,0.31,0.65
"VTSanghani-ExogModel","Pennsylvania",174.3,1.06,217.28,0,0.17,0.51
"VTSanghani-ExogModel","Puerto Rico",16.65,1.44,24.49,0,0.23,0.63
"VTSanghani-ExogModel","Rhode Island",9.63,1.15,11.68,0,0.54,0.71
"VTSanghani-ExogModel","South Carolina",29.95,1.02,40.23,0,0.3,0.77
"VTSanghani-ExogModel","South Dakota",14.11,1.2,18.37,0,0.28,0.58
"VTSanghani-ExogModel","Tennessee",65.44,0.8,81.31,1,0.33,0.72
"VTSanghani-ExogModel","Texas",314.9,1.28,402.27,0,0.37,0.73
"VTSanghani-ExogModel","Utah",10.03,1.09,13.45,0,0.26,0.63
"VTSanghani-ExogModel","Vermont",11.01,1.07,12.81,0,0.61,0.69
"VTSanghani-ExogModel","Virginia",52.48,0.95,65.64,0,0.42,0.74
"VTSanghani-ExogModel","Washington",110.69,1.07,144.94,0,0.22,0.51
"VTSanghani-ExogModel","West Virginia",37.01,0.86,48.28,1,0.16,0.48
"VTSanghani-ExogModel","Wisconsin",63.64,0.88,82.69,1,0.2,0.54
"VTSanghani-ExogModel","Wyoming",8.14,0.9,9.85,0,0.53,0.75
